id,name,Catch_Threshold,catch_guarant_rate,Catch_Ball_level
2001,恶魔叮,1000,10000,1
2002,鸭吉吉,1000,10000,1
2003,板板壳,1000,10000,1
2004,幽影树,500,10000,1
2005,绿耳松鼠,1000,10000,1
2006,布是石,1000,10000,1
2007,石肤蜥,1000,10000,1
2008,圆眼蜘蛛,1000,10000,1
2009,毛毛,1000,10000,1
2010,爬爬,500,10000,1
2011,小灵菇,1000,10000,1
2012,小灵菇,1000,10000,1
2013,冬羽雀,1000,10000,1
2014,锥尾羊,1000,10000,1
2015,奇丽草,1000,1700,1
200001,凡鹰,,180,
200002,凡鹰,,180,
200003,凡鹰,,180,
200004,凡鹰,,180,
200005,凡鹰,,180,
200006,凡鹰,,180,
200007,凡鹰,,180,
200008,凡鹰,,180,
200009,凡鹰,,180,
200010,凡鹰,,180,
200011,龙息帕尔,,180,
200012,龙息帕尔,,180,
200013,龙息帕尔,,180,
200014,龙息帕尔,,180,
200015,龙息帕尔,,180,
200016,龙息帕尔,,180,
200021,翼王,,180,
200022,翼王,,180,
200023,翼王,,180,
200024,翼王,,180,
200025,翼王,,180,
200026,翼王,,180,
290105,喵呜,500,525,1
290106,绿草精灵,1000,1000,1
290107,蒲公英娃娃,500,525,1
290108,冬羽雀,1000,3000,1
300001,喵喵,1000,1700,1
300002,水蓝蓝,1000,1700,1
300003,火花,1000,1700,1
300004,迪莫,,,1
300005,水灵,250,240,1
300006,火神,250,240,1
300007,魔力猫,250,240,1
300008,草头鸭,1000,3000,1
300009,赤毛鸡仔,,,1
300010,恶魔叮,1000,3000,1
300011,恶魔狼,250,180,1
300012,鸭吉吉,1000,3000,1
300013,铠甲虫,250,240,1
300014,阿米亚特,1000,1000,1
300015,阿米樱,500,310,1
300016,罗隐,250,180,1
300017,蹦蹦种子,1000,1700,1
300018,蹦蹦草,500,525,1
300019,蹦蹦花,250,240,1
300020,地鼠,1000,3000,1
300021,遁鼠,500,1200,1
300022,遁地鼠,250,625,1
300023,火云斗鸡,,,1
300024,伊丽莎白,,,1
300025,奇丽草,1000,1700,1
300026,奇丽叶,500,525,1
300027,奇丽花,250,240,1
300028,焰火,500,525,1
300029,波波拉,500,525,1
300030,蒲公英,1000,1700,1
300031,魔草巫灵,500,310,1
300032,鸭吉吉,1000,3000,1
300033,岚鸟,250,625,1
300034,小甲虫,1000,1700,1
300035,叮叮恶魔,250,625,1
300036,丢丢,1000,3000,1
300037,卡卡虫,500,1200,1
300038,卡瓦重,250,625,1
300039,伊贝儿,1000,3000,1
300040,伊贝粉粉,500,1200,1
300041,锥尾羊,1000,3000,1
300042,铃兰羊,500,1200,1
300043,花影羚羊,250,625,1
300044,圣光迪莫,,,1
300045,白发懒人,1000,1000,1
300046,记忆石,500,1200,1
300047,圣草迪莫,,,1
300048,煤球憨憨,,,1
300049,害羞球球,,,1
300050,蓝衣夜灵,,,1
300051,板板壳,1000,3000,1
300052,咔咔壳,500,1200,1
300053,水泡壳,250,625,1
300054,一窝蜂,1000,3000,1
300055,黄蜂后,500,1200,1
300056,小灵面,1000,3000,1
300057,暗影灵面,500,1200,1
300058,小独角兽,500,525,1
300059,白金独角兽,250,240,1
300060,幽影树,500,525,1
300061,忽幽狸,1000,3000,1
300062,影狸,250,625,1
300063,卷毛鸭,500,1200,1
300064,灵蔓草王,,,1
300065,锤头鹳,250,240,1
300066,护主犬,1000,3000,1
300067,音速犬,250,625,1
300068,格兰种子,1000,3000,1
300069,格兰花,500,1200,1
300070,格兰球,250,625,1
300071,灵狐,1000,1000,1
300072,九尾狐,500,310,1
300073,尖嘴狐仙,250,180,1
300074,烈钻鸟,,,1
300075,长尾火鸟,,,1
300076,火羽,,,1
300077,治愈兔,1000,1700,1
300078,红丝绒,500,525,1
300079,可爱猿,1000,1000,1
300080,炽热猿,500,310,1
300081,火焰猿,250,180,1
300082,可立鸡,1000,3000,1
300083,晕晕鸡,500,1200,1
300084,绅士鸡,250,625,1
300085,武者鸡,250,625,1
300086,火尾瓦特,1000,3000,1
300087,火尾战士,500,1200,1
300088,烈火守护,250,625,1
300089,呆小路,1000,3000,1
300090,舞动路路,500,1200,1
300091,白发路路,250,625,1
300092,灵蔓草王,,,1
300093,绿耳松鼠,1000,3000,1
300094,抱枕松鼠,500,1200,1
300095,蹦床松鼠,250,625,1
300096,动力猿,500,310,1
300097,瞌睡王,250,180,1
300098,布是石,1000,3000,1
300099,布是岩,500,1200,1
300100,布克棱岩,250,625,1
300101,石肤蜥,1000,3000,1
300102,石刺蜥,500,1200,1
300103,石冠王蜥,250,625,1
300104,仪使者,1000,1700,1
300105,仪式之星,500,525,1
300106,仪式巨像,250,240,1
300107,甜田螺,1000,3000,1
300108,壳乙螺,500,1200,1
300109,卡洛儿,250,625,1
300110,风铃鲨,1000,1700,1
300111,蓝蝶鲨,500,525,1
300112,彩蝶鲨,250,240,1
300113,果冻,1000,1000,1
300114,翡翠水母,1000,1700,1
300115,琉璃水母,500,525,1
300116,大耳帽兜,1000,1700,1
300117,帽兜娃娃,500,525,1
300118,雪影娃娃,250,240,1
300119,脆筒甜甜,1000,1000,1
300120,香草甜甜,500,310,1
300121,圣代甜甜,250,180,1
300122,小狮鹫,1000,1700,1
300123,神圣狮鹫,500,525,1
300124,皇家狮鹫,250,240,1
300125,圆眼蜘蛛,1000,1700,1
300126,尖角蜘蛛,500,525,1
300127,芋香巨角蛛,250,240,1
300128,小螂,,,1
300129,兵螂,,,1
300130,飞天刀螂,,,1
300131,毛毛,1000,1700,1
300132,爬爬,500,525,1
300133,化蝶,250,240,1
300134,小草虫,1000,1700,1
300135,草衣虫,500,525,1
300136,花衣蝶,250,240,1
300137,小夜,1000,1000,1
300138,紫夜,500,310,1
300139,朔夜伊芙,250,180,1
300140,小灵菇,1000,3000,1
300141,幻灵菇,500,1200,1
300142,幻影灵菇,250,625,1
300143,空空颅,1000,3000,1
300144,夜宿颅,500,1200,1
300145,夜枭,250,625,1
300146,多多,1000,3000,1
300147,多啦多,500,1200,1
300148,古啦多,250,625,1
300149,裘洛,1000,1700,1
300150,裘力,500,525,1
300151,裘卡,250,240,1
300152,花魁蜂后,250,625,1
300153,武斗酷猫,,,1
300154,紫蔓宝宝,,,1
300155,紫蔓祭祀,,,
300156,春团,1000,3000,1
300157,春兔,500,1200,1
300158,伏地兽,1000,1700,1
300159,贪食鼹,500,525,1
300160,巨噬针鼹,250,240,1
300161,阿布,,,1
300162,超能阿布,,,1
300163,石石,1000,1700,1
300164,巨灵石,250,240,1
300165,雪豆丁,1000,3000,1
300166,雪蛮人,500,1200,1
300167,雪巨人,250,625,1
300168,咔咔羽毛,1000,1700,1
300169,咔咔雀,500,525,1
300170,咔咔鸟,250,240,1
300171,矮脚爬爬,1000,1700,1
300172,恶魔红钻,250,240,1
300173,小帕尔,,180,1
300174,帕尔萨斯,,180,1
300175,龙息帕尔,,180,1
300176,瑰眼仔,,,1
300177,耳翎瑰魅,,,1
300178,邪眼巨魔,,,1
300179,小光,,,1
300180,迷迷眼,,,1
300181,拉特,1000,1700,1
300182,酷拉,250,240,1
300183,电咩咩,1000,1700,1
300184,粉咩咩,500,525,1
300185,电球咩咩,250,240,1
300186,小星光,500,525,1
300187,星光狮,250,240,1
300188,闪电环,1000,1700,1
300189,刺电环,500,525,1
300190,荆棘电环,250,240,1
300191,粉粉星,1000,1700,1
300192,小皮球,500,525,1
300193,机械方方,1000,1700,1
300194,多彩方方,500,525,
300195,立方人,250,240,1
300196,贝瑟,1000,3000,1
300197,贝加尔,500,1200,1
300198,贝古斯,250,625,1
300199,多西,1000,1000,1
300200,库多西,500,310,1
300201,波多西,250,180,1
300202,小翼龙,1000,1700,1
300203,翼龙,250,240,1
300204,伊雷龙,1000,1700,1
300205,黑炎宝宝,,,1
300206,黑炎,,,1
300207,海豹战士,500,1200,1
300208,海豹船长,250,625,1
300209,呼拉猫,,,1
300210,增肌猫,,,1
300211,健猫教练,,,1
300212,古钟蛇,1000,1700,1
300213,寒音蛇,250,240,1
300214,菊花梨,500,310,1
300215,友爱天天,,,1
300216,友爱星飞,,,1
300217,加灵,,,1
300218,加益,,,1
300219,加尔,,,1
300220,加尔,,,1
300221,牵线木偶,,,1
300222,帅帅魔偶,,,1
300223,超能球球,,,1
300224,小怂猫,1000,3000,1
300225,怒目怂猫,250,625,1
300226,哭哭菇,1000,3000,1
300227,怖须菇,500,1200,1
300228,怖哭菇,250,625,1
300229,呆火鸟,,,1
300230,喷火鸟,,,1
300231,绒绒,1000,1000,1
300232,小绒茧,500,310,1
300233,绒仙子,250,180,1
300234,绿洲象,,,1
300235,流星猛犸,,,1
300236,小鹬,1000,1700,1
300237,鄙目鹬,500,525,1
300238,高脚鹬,250,240,1
300239,速粒小子,,,1
300240,速粒冲锋,,,1
300241,奔波鼠,1000,1000,1
300242,流浪鼠,500,310,1
300243,布鲁斯,1000,1000,1
300244,雪顶布鲁斯,500,310,1
300245,冰钻布鲁斯,250,180,1
300246,古拉海象,,,1
300247,大古拉海象,,,1
300248,呼呼猪,1000,1700,1
300249,獠牙猪,250,240,1
300250,卡波,,,1
300251,卡拉波斯,,,1
300252,胆小鳗鱼,1000,1700,1
300253,闪电鳗鱼,250,240,1
300254,大头骨龙,1000,1000,1
300255,寂灭骨龙,250,180,1
300256,绿翼鸟,1000,1700,1
300257,魔翼鸟,500,525,1
300258,魔眷鸟,250,240,1
300259,雪绒鸟,1000,3000,1
300260,雪绒鸟,1000,3000,1
300261,雪绒鸟,1000,3000,1
300262,冬羽雀,1000,3000,1
300263,冬羽雀,1000,3000,1
300264,冬羽雀,1000,3000,1
300265,岚鸟,250,625,1
300266,岚鸟,250,625,1
300267,岚鸟,250,625,1
300268,丢丢,1000,3000,1
300269,丢丢,1000,3000,1
300270,丢丢,1000,3000,1
300271,卡卡虫,500,1200,1
300272,卡卡虫,500,1200,1
300273,卡卡虫,500,1200,1
300274,卡瓦重,250,625,1
300275,卡瓦重,250,625,1
300276,卡瓦重,250,625,1
300277,蹦蹦种子,1000,1700,1
300278,蹦蹦种子,1000,1700,1
300279,蹦蹦种子,1000,1700,1
300280,蹦蹦草,500,525,1
300281,蹦蹦草,500,525,1
300282,蹦蹦草,500,525,1
300283,蹦蹦花,250,240,1
300284,蹦蹦花,250,240,1
300285,蹦蹦花,250,240,1
300286,矿晶虫,1000,3000,
300287,晶石蜗,500,1200,
300288,犀角鸟,1000,1000,
300289,光纤兽,500,310,
300290,疾光千兽,250,180,
300291,若叶蜥,,,
300292,立叶蜥,,,
300293,蝶叶巨蜥,,,
300294,小鼠獭,1000,3000,
300295,燕尾獭,500,1200,
300296,卷胡巨獭,250,625,
300297,粉星仔,1000,1000,
300298,粉耳星兔,250,180,
300299,觅觅蝠,,,
300300,翻翻蝠,,,
300301,夜游魔,,,
300302,独角龙,,,
300303,坚角龙,,,
300304,爆角龙,,,
300305,海盔虫,1000,3000,
300306,刺盔虫,500,1200,
300307,千棘盔,250,625,
300308,雪娃娃,1000,1700,
300309,冰封怨灵,500,525,
300310,雪灵,250,240,
300311,格格布,,,
300312,格布布,,,
300313,冰虎宝,,,
300314,冰晶虎,,,
300315,古齿帝牙,,,
300316,雪灵兽,,,
300317,幻雪兽,,,
300318,饮雪狂兽,,,
300319,乖乖鹄,1000,3000,
300320,蓝珠天鹅,500,1200,
300321,翠顶夫人,250,625,
300322,芽眼魔,,,
300323,叶眼魔,,,
300324,障眼魔,,,
300325,红绒十字,250,240,
300326,霹雳宝宝,,,
300327,雷鸣小子,,,
300328,雷暴奔奔,,,
300329,钻地小子,,,
300330,闪电小子,,,
300331,魔能陀螺,,,
300332,电动长颈鹿,1000,1700,
300333,奔乐鹿,500,525,
300334,爵士鹿,250,240,
300335,蝴蝶陶陶,,,
300336,铆钉毛毛,,,
300337,徘徊爪爪,,,
300338,路路,,,
300339,路路尼,,,
300340,古路尼,,,
300341,嘟嘟煲,1000,1000,
300342,嘟嘟锅,500,310,
300343,幽星光,1000,3000,
300344,曜星光,500,1200,
300345,暮星辰,250,625,
300346,春花兔,250,625,
300347,逗逗,1000,1700,
300348,气球猫,500,525,
300349,梦想三三,250,240,
300350,旋叶虫,1000,3000,
300351,风滚暮虫,250,625,
300352,菇菇丁,1000,3000,
300353,多菇丁,500,1200,
300354,九幽菇,250,625,
300355,深蓝鲸,250,240,
300356,双灯鱼,1000,3000,
300357,利灯鱼,250,625,
300358,豆丁鱼,1000,1700,
300359,快鳍鱼,500,525,
300360,龙鱼,250,240,
300361,科多多,,,
300362,科多索,,,
300363,凡雀,,180,
300364,紫翎鹰,,180,
300365,凡鹰,,180,
300366,里奥,,180,
300367,灵羽勇士,,180,
300368,圣羽翼王,,180,
300369,星尘虫,1000,1000,
300370,落星虫,500,310,
300371,陨星虫,250,180,
300372,伊里斯,,,
300373,碎晶蝎,,,
300374,晶尾蝎,,,
300375,蝎子王,,,
300376,幽冥眼,250,625,
300377,缇塔,1000,1700,
300378,声波缇塔,500,525,
300379,齿轮小子,,,
300380,机甲小子,,,
300381,权杖-Ⅱ,1000,1700,
300382,权杖-V,250,240,
300383,伊兰亚龙,250,240,
300384,格斗小五,,,
300385,格斗小六,,,
300386,格斗小八,,,
300387,厉毒小萝,1000,1700,
300388,厉毒修萝,250,240,
300389,破梦者,,,
300390,食梦者,,,
300391,空灵兽,,,
300392,空灵斗士,,,
300393,三叶草龙,,,
300394,花叶龙,,,
300395,麦香驼,,,
300396,臭臭锥,,,
300397,埃欧熔锥,,,
300398,海枝枝,500,1200,
300399,海枝枝,500,1200,
300400,海枝枝,500,1200,
300401,海枝枝,500,1200,
300402,小电企鹅,1000,1000,
300403,电企鹅,250,180,
300404,柴渣虫,1000,3000,
300405,燃薪虫,500,1200,
300406,梦游,1000,1700,
300407,梦悠悠,250,240,
300408,梦游,1000,1700,
300409,梦悠悠,250,240,
300410,小星光,500,525,1
300411,星光狮,250,240,1
300412,噼啪鸟,250,240,
300413,雪毛角羚牛,,,
300414,雪毛角羚牛,,,
300415,雪毛角羚牛,,,
300416,晶石蜗,500,1200,
300417,晶石蜗,500,1200,
300418,晶石蜗,500,1200,
300419,晶石蜗,500,1200,
300420,鸭吉吉,1000,3000,1
300421,鸭吉吉,1000,3000,1
300422,地鼠,1000,3000,1
300423,遁鼠,500,1200,1
300424,遁地鼠,250,625,1
300425,月牙雪熊,250,240,
300426,圣代甜甜,250,180,1
300427,圣代甜甜,250,180,1
300428,圣代甜甜,250,180,1
300429,圣代甜甜,250,180,1
300430,圣代甜甜,250,180,1
300431,圣代甜甜,250,180,1
300432,圣代甜甜,250,180,1
300433,圣代甜甜,250,180,1
300434,星云旅者,,,
300435,小狮鹫,1000,1700,1
300436,神圣狮鹫,500,525,1
300437,皇家狮鹫,250,240,1
300438,化蝶,250,240,1
300439,化蝶,250,240,1
300440,化蝶,250,240,1
300441,布瓜蝌,1000,3000,
300442,上岸蛙,250,625,
300443,海盔虫,1000,3000,
300444,刺盔虫,500,1200,
300445,千棘盔,250,625,
300446,香草甜甜,500,310,1
300447,香草甜甜,500,310,1
300448,圣羽翼王,,180,
300449,暗影灵面,500,1200,1
300450,幽冥眼,250,625,
300451,蓬叶虫,500,1200,
300452,螺旋帕帕,1000,1700,
300453,落陨星兔,250,180,
300454,晶石蜗,500,1200,
300455,小丑豆豆,1000,1700,
300456,小丑兔,500,525,
300457,小丑公爵,250,240,
300458,吸泥鸥,1000,1700,
300459,泥吼牙,250,240,
300460,兽花蕾,1000,3000,
300461,肥草球,,,
300462,赫拉,,,
300463,鸭吉吉,1000,3000,1
300464,旋叶虫,1000,3000,
300465,蓬叶虫,500,1200,
300466,风滚暮虫,250,625,
300467,公平鸽,500,310,
300468,石肤蜥,1000,3000,1
300469,石蜥,500,1200,
300470,石冠王蜥,250,625,1
300471,线球鼠,,,
300472,慈母鼠,,,
300473,夜回犀牛,,,
300474,花怨鳗,500,1200,
300475,鳗尾兽,250,625,
300476,波波螺,1000,3000,
300477,消波螺,500,1200,
300478,嗜波螺,250,625,
300479,波波螺,1000,3000,
300480,消波螺,500,1200,
300481,嗜波螺,250,625,
300482,圣水迪莫,,,
300483,圣火迪莫,,,
300484,板板壳,1000,3000,1
300485,咔咔壳,500,1200,1
300486,水泡壳,250,625,1
300487,海闪星,,,
300488,海魔星,,,
300489,里拉鳐,500,525,
300490,水星尾,,,
300491,水星龙弦,,,
300492,阿瓦鲨,,,
300493,阿瓦鲨,,,
300494,抹茶布丁,500,310,
300495,椰浆布丁,500,310,
300496,熔岩布丁,500,310,
300497,号儿鱼,1000,1700,
300498,圆号鱼,500,525,
300499,小雪人,,,
300500,雪怪,,,
300501,雪绒鸟,1000,3000,1
300502,斑斑,1000,3000,
300503,斑枭,500,1200,
300504,乌达,1000,1700,
300505,迷你乌,500,525,
300506,乌拉塔,250,240,
300507,乌达,1000,1700,
300508,迷你乌,500,525,
300509,乌拉塔,250,240,
300510,未完虫,,,
300511,多灵,1000,1000,
300512,多灵主,250,180,
300513,圣剑侍从,500,525,
300514,圣剑-X,250,240,
300515,帕帕斯卡,500,525,
300516,小银翼龙,,,
300517,银翼龙,,,
300518,棋棋,1000,3000,
300519,棋骑士,250,625,
300520,棋绮后,250,625,
300521,棋齐垒,250,625,
300522,棋祈督,250,625,
300523,棋棋,1000,3000,
300524,棋骑士,250,625,
300525,棋绮后,250,625,
300526,棋齐垒,250,625,
300527,棋祈督,250,625,
300528,乌咩,,,
300529,乌角驮驮,,,
300530,堇楹苞,,,
300531,蔓羽兽,,,
300532,厉毒鸩兽,,,
300533,栗鼠,,,
300534,壳栗丝鼠,,,
300535,落陨星兔,250,180,
300536,小黑猫,1000,1700,
300537,黑猫巫师,500,525,
300538,河马巴斯,,,
300539,黑羽夫人,250,625,
300540,爆焰仔,1000,1700,
300541,爆焰喷喷,250,240,
300542,热团团,,,
300543,焰米龙,,,
300544,圣凯布米龙,,,
300545,墨鱿士,1000,1700,
300546,混乱鱿彩,250,240,
300547,秩序鱿墨,250,240,
300548,利刺毒蝎,,,
300549,剧毒魔蝎,,,
300550,刺轮砣,1000,3000,
300551,月亮砣,500,1200,
300552,刺轮砣,1000,3000,
300553,月亮砣,500,1200,
300554,梦残卷,,,
300555,曲率龙卷,,,
300556,曲率飞鱼,,,
300557,玳龟,,,
300558,玳塔,,,
300559,十字蝌蚪,,,
300560,十字蛙,,,
300561,深渊蛙,,,
300562,松仔,1000,1700,
300563,松叶羊,500,525,
300564,针叶巡林,250,240,
300565,水滴蛇,1000,1700,
300566,水蛇锁,500,525,
300567,游蛇魔使,250,240,
300568,小勇狮,1000,1700,
300569,炽焰狮,500,525,
300570,炽心勇狮,250,240,
300571,毛头小蛛,1000,1700,
300572,捕尘长绒,500,525,
300573,食尘短绒,500,525,
300574,画精灵,1000,1700,
300575,画像守护,500,525,
300576,画间法师手,250,240,
300577,画间沉铁兽,250,240,
300578,书魔虫,1000,1700,
300579,书卷守护,500,525,
300580,古卷执政官,250,240,
300581,古卷匣魔像,250,240,
300582,嗜光嗡嗡,1000,3000,
300583,窃光蚊,500,1200,
300584,不咕钟,,,
300585,溯源钟,,,
300586,小箱怪,500,310,
300587,迷迷箱怪,250,180,
300588,学院呱呱,,,
300589,古钟蛇,1000,1700,1
300590,寒音蛇,250,240,1
300591,噬影蚕,,,
300592,吞噬,,,
300593,小冥龙,,,
300594,冥古龙,,,
300595,矮核球,,,
300596,星脉兽,,,
300597,巡天幻星,,,
300598,地银链,,,
300599,地银链,,,
300600,地底银鳞,,,
300601,荆伞兽,,,
300602,荆棘魔伞,,,
300603,蝶兰花,,,
300604,蝶兰花仙,,,
300605,桃花苞,,,
300606,桃胖子,,,
300607,桃花仙,,,
300608,菌宝,,,
300609,竹笙仔,,,
300610,鬼笔伯爵,,,
300611,芝芝酥,,,
300612,药尾灵螈,,,
300613,三坛枞,,,
300614,六月星菌,,,
300615,小红侍,,,
300616,红膏女爵,,,
300617,鹿鸣笙,,,
300618,笙韵鹿灵,,,
300619,笔童,,,
300620,笔仙,,,
300621,笔圣,,,
300622,好鳄椰,,,
300623,超级鳄椰,,,
300624,海豚宝,,,
300625,泡泡豚,,,
300626,海豚勇士,,,
300627,加油海葵,1000,3000,
300628,加油蟹,500,1200,
300629,脆鸣鸟,,,
300630,警卫鸟,,,
300631,量风碗,,,
300632,测风蝉,,,
300633,丁丁猫,,,
300634,猫山咪钥,,,
300635,仙羽,,,
300636,一点红,,,
300637,念珠鹤,,,
300638,蛐曲儿,,,
300639,长翎将军,,,
300640,曲鸣大将,,,
300641,荆棘笼,,,
300642,惩戒巨笼,,,
300643,守夜烛,,,
300644,流明坎德拉,,,
300645,烟花团,1000,3000,
300646,烟花伯爵,250,625,
300647,蒸汽胖胖,,,
300648,蒸汽胖可,,,
300649,剪影影,,,
300650,影子剪纸,,,
300651,咕咕帽,1000,3000,
300652,咕德帽帽,250,625,
300653,幽冥狐,,,
300654,魅惑狐仙,,,
300655,丹凤蓝狐,,,
300656,蔷薇茧,,,
300657,具足秘剑,,,
300658,问卜兽,,,
300659,卜甲梦龟,,,
300660,梦杯,,,
300661,长生梦兽,,,
300662,毛线虫,,,
300663,梭织团团,,,
300664,针织哼哼,,,
300665,稻草人,,,
300666,稻草守护者,,,
300667,不香芋,,,
300668,去污香芋,,,
300669,嗜污香芋,,,
300670,啄疫鸟,,,
300671,瘟疫医鸟,,,
300672,优优,1000,1700,
300673,绒光优优,250,240,
300674,蜜果骸,,,
300675,半朽蜜果灵,,,
300676,小鼓象,1000,3000,
300677,巨鼓象,250,625,
300678,咬咬小子,,,
300679,胡桃王子,,,
300680,封印守卫,,,
300681,封印使者,,,
300682,上古战龙,,,
300683,格斗小七,,,
300684,糖串串,,,
300685,可烤汪,,,
300686,足尖元件,,,
300687,离心舞者,,,
300688,松仔,1000,1700,
300689,松叶羊,500,525,
300690,针叶巡林,250,240,
300691,水滴蛇,1000,1700,
300692,水蛇锁,500,525,
300693,游蛇魔使,250,240,
300694,小勇狮,1000,1700,
300695,炽焰狮,500,525,
300696,炽心勇狮,250,240,
300697,猴唛仔,1000,1700,
300698,音碟吼,500,525,
300699,骨朵鸟,,,
300700,紫花雀,,,
300701,钨丝贝贝,,180,
300702,辉光幕机,,180,
300703,机墓方舟,,180,
300704,炫光迪迪,1000,1700,
300705,​​霹雳迪迪,250,240,
300706,小怂猫,1000,3000,1
300707,怒目怂猫,250,625,1
300708,方方狐,1000,3000,
300709,狐脸擦擦,500,1200,
300710,鸭吉吉,1000,3000,1
300711,火红尾,1000,1700,1
300712,雅丹鬃,250,240,1
400101,恶魔狼,250,180,1
400102,恶魔狼,250,180,1
400103,赤毛鸡仔,,,1
400104,恶魔叮,1000,3000,1
400105,喵呜,500,525,1
400106,绿草精灵,1000,1000,1
400107,蒲公英娃娃,500,525,1
400108,冬羽雀,1000,3000,1
400311,火花,1000,1700,1
410001,喵喵,1000,1700,1
410002,水蓝蓝,1000,1700,1
410003,火花,1000,1700,1
410004,迪莫,,,1
410005,水灵,250,240,1
410006,火神,250,240,1
410007,魔力猫,250,240,1
410008,草头鸭,1000,3000,1
410009,赤毛鸡仔,,,1
410010,恶魔叮,1000,3000,1
410011,恶魔狼,250,180,1
410012,鸭吉吉,1000,3000,1
410013,铠甲虫,250,240,1
410014,阿米亚特,1000,1000,1
410015,阿米樱,500,310,1
410016,罗隐,250,180,1
410017,蹦蹦种子,1000,1700,1
410018,蹦蹦草,500,525,1
410019,蹦蹦花,250,240,1
410020,地鼠,1000,3000,1
410021,遁鼠,500,1200,1
410022,遁地鼠,250,625,1
410023,火云斗鸡,,,1
410024,伊丽莎白,,,1
410025,奇丽草,1000,1700,1
410026,奇丽叶,500,525,1
410027,奇丽花,250,240,1
410028,焰火,500,525,1
410029,波波拉,500,525,1
410030,蒲公英,1000,1700,1
410031,魔草巫灵,500,310,1
410032,鸭吉吉,1000,3000,1
410033,岚鸟,250,625,1
410034,小甲虫,1000,1700,1
410035,叮叮恶魔,250,625,1
410036,丢丢,1000,3000,1
410037,卡卡虫,500,1200,1
410038,卡瓦重,250,625,1
410039,伊贝儿,1000,3000,1
410040,伊贝粉粉,500,1200,1
410041,锥尾羊,1000,3000,1
410042,铃兰羊,500,1200,1
410043,花影羚羊,250,625,1
410044,圣光迪莫,,,1
410045,白发懒人,1000,1000,1
410046,记忆石,500,1200,1
410047,圣草迪莫,,,1
410048,煤球憨憨,,,1
410049,害羞球球,,,1
410050,蓝衣夜灵,,,1
410051,板板壳,1000,3000,1
410052,咔咔壳,500,1200,1
410053,水泡壳,250,625,1
410054,一窝蜂,1000,3000,1
410055,黄蜂后,500,1200,1
410056,小灵面,1000,3000,1
410057,暗影灵面,500,1200,1
410058,小独角兽,500,525,1
410059,白金独角兽,250,240,1
410060,幽影树,500,525,1
410061,忽幽狸,1000,3000,1
410062,影狸,250,625,1
410063,卷毛鸭,500,1200,1
410064,灵蔓草王,,,1
410065,锤头鹳,250,240,1
410066,护主犬,1000,3000,1
410067,音速犬,250,625,1
410068,格兰种子,1000,3000,1
410069,格兰花,500,1200,1
410070,格兰球,250,625,1
410071,灵狐,1000,1000,1
410072,九尾狐,500,310,1
410073,尖嘴狐仙,250,180,1
410074,烈钻鸟,,,1
410075,长尾火鸟,,,1
410076,火羽,,,1
410077,治愈兔,1000,1700,1
410078,红丝绒,500,525,1
410079,可爱猿,1000,1000,1
410080,炽热猿,500,310,1
410081,火焰猿,250,180,1
410082,可立鸡,1000,3000,1
410083,晕晕鸡,500,1200,1
410084,绅士鸡,250,625,1
410085,武者鸡,250,625,1
410086,火尾瓦特,1000,3000,1
410087,火尾战士,500,1200,1
410088,烈火守护,250,625,1
410089,呆小路,1000,3000,1
410090,舞动路路,500,1200,1
410091,白发路路,250,625,1
410093,灵蔓草王,,,
410094,绿耳松鼠,1000,3000,1
410095,抱枕松鼠,500,1200,1
410096,蹦床松鼠,250,625,1
410097,动力猿,500,310,1
410098,瞌睡王,250,180,1
410099,布是石,1000,3000,1
410100,布是岩,500,1200,1
410101,布克棱岩,250,625,1
410102,石肤蜥,1000,3000,1
410103,石刺蜥,500,1200,1
410104,石冠王蜥,250,625,1
410105,仪使者,1000,1700,1
410106,仪式之星,500,525,1
410107,仪式巨像,250,240,1
410108,甜田螺,1000,3000,1
410109,壳乙螺,500,1200,1
410110,卡洛儿,250,625,1
410111,风铃鲨,1000,1700,1
410112,蓝蝶鲨,500,525,1
410113,彩蝶鲨,250,240,1
410114,果冻,1000,1000,1
410115,翡翠水母,1000,1700,1
410116,琉璃水母,500,525,1
410117,大耳帽兜,1000,1700,1
410118,帽兜娃娃,500,525,1
410119,雪影娃娃,250,240,1
410120,脆筒甜甜,1000,1000,1
410121,香草甜甜,500,310,1
410122,圣代甜甜,250,180,1
410123,小狮鹫,1000,1700,1
410124,神圣狮鹫,500,525,1
410125,皇家狮鹫,250,240,1
410126,圆眼蜘蛛,1000,1700,1
410127,尖角蜘蛛,500,525,1
410128,芋香巨角蛛,250,240,1
410129,小螂,,,1
410130,兵螂,,,1
410131,飞天刀螂,,,1
410132,毛毛,1000,1700,1
410133,爬爬,500,525,1
410134,化蝶,250,240,1
410135,小草虫,1000,1700,1
410136,草衣虫,500,525,1
410137,花衣蝶,250,240,1
410138,小夜,1000,1000,1
410139,紫夜,500,310,1
410140,朔夜伊芙,250,180,1
410141,小灵菇,1000,3000,1
410142,幻灵菇,500,1200,1
410143,幻影灵菇,250,625,1
410144,空空颅,1000,3000,1
410145,夜宿颅,500,1200,1
410146,夜枭,250,625,1
410147,多多,1000,3000,1
410148,多啦多,500,1200,1
410149,古啦多,250,625,1
410150,裘洛,1000,1700,1
410151,裘力,500,525,1
410152,裘卡,250,240,1
410153,花魁蜂后,250,625,1
410154,武斗酷猫,,,1
410155,紫蔓宝宝,,,1
410156,紫蔓祭祀,,,
410157,春团,1000,3000,1
410158,春兔,500,1200,1
410161,伏地兽,1000,1700,1
410162,贪食鼹,500,525,1
410163,巨噬针鼹,250,240,1
410164,阿布,,,1
410165,超能阿布,,,1
410166,石石,1000,1700,1
410167,巨灵石,250,240,1
410168,雪豆丁,1000,3000,1
410169,雪蛮人,500,1200,1
410170,雪巨人,250,625,1
410171,咔咔羽毛,1000,1700,1
410172,咔咔雀,500,525,1
410173,咔咔鸟,250,240,1
410174,矮脚爬爬,1000,1700,1
410175,恶魔红钻,250,240,1
410176,小帕尔,,180,1
410177,帕尔萨斯,,180,1
410178,龙息帕尔,,180,1
410179,瑰眼仔,,,1
410180,耳翎瑰魅,,,1
410181,邪眼巨魔,,,1
410182,小光,,,1
410183,迷迷眼,,,1
410184,拉特,1000,1700,1
410185,酷拉,250,240,1
410186,电咩咩,1000,1700,1
410187,粉咩咩,500,525,1
410188,电球咩咩,250,240,1
410189,小星光,500,525,1
410190,星光狮,250,240,1
410191,闪电环,1000,1700,1
410192,刺电环,500,525,1
410193,荆棘电环,250,240,1
410194,粉粉星,1000,1700,1
410195,小皮球,500,525,1
410196,机械方方,1000,1700,1
410197,多彩方方,500,525,
410198,立方人,250,240,1
410199,贝瑟,1000,3000,1
410200,贝加尔,500,1200,1
410201,贝古斯,250,625,1
410202,多西,1000,1000,1
410203,库多西,500,310,1
410204,波多西,250,180,1
410205,小翼龙,1000,1700,1
410206,翼龙,250,240,1
410207,伊雷龙,1000,1700,1
410209,黑炎宝宝,,,1
410210,黑炎,,,1
410211,海豹战士,500,1200,1
410212,海豹船长,250,625,1
410213,呼拉猫,,,1
410214,增肌猫,,,1
410215,健猫教练,,,1
410221,古钟蛇,1000,1700,1
410222,寒音蛇,250,240,1
410223,菊花梨,500,310,1
410224,友爱天天,,,1
410225,友爱星飞,,,1
410226,加灵,,,1
410227,加益,,,1
410228,加尔,,,1
410229,加尔,,,1
410230,牵线木偶,,,1
410231,帅帅魔偶,,,1
410232,超能球球,,,1
410233,小怂猫,1000,3000,1
410234,怒目怂猫,250,625,1
410235,哭哭菇,1000,3000,1
410236,怖须菇,500,1200,1
410237,怖哭菇,250,625,1
410238,呆火鸟,,,1
410239,喷火鸟,,,1
410240,绒绒,1000,1000,1
410241,小绒茧,500,310,1
410242,绒仙子,250,180,1
410244,绿洲象,,,1
410245,流星猛犸,,,1
410246,小鹬,1000,1700,1
410247,鄙目鹬,500,525,1
410248,高脚鹬,250,240,1
410249,速粒小子,,,1
410250,速粒冲锋,,,1
410251,奔波鼠,1000,1000,1
410252,流浪鼠,500,310,1
410253,布鲁斯,1000,1000,1
410254,雪顶布鲁斯,500,310,1
410255,冰钻布鲁斯,250,180,1
410256,古拉海象,,,1
410257,大古拉海象,,,1
410258,呼呼猪,1000,1700,1
410259,獠牙猪,250,240,1
410260,卡波,,,1
410261,卡拉波斯,,,1
410262,胆小鳗鱼,1000,1700,1
410263,闪电鳗鱼,250,240,1
410264,大头骨龙,1000,1000,1
410265,寂灭骨龙,250,180,1
410272,绿翼鸟,1000,1700,1
410273,魔翼鸟,500,525,1
410274,魔眷鸟,250,240,1
410275,雪绒鸟,1000,3000,1
410276,雪绒鸟,1000,3000,1
410277,雪绒鸟,1000,3000,1
410278,冬羽雀,1000,3000,1
410279,冬羽雀,1000,3000,1
410280,冬羽雀,1000,3000,1
410281,岚鸟,250,625,1
410282,岚鸟,250,625,1
410283,岚鸟,250,625,1
410284,丢丢,1000,3000,1
410285,丢丢,1000,3000,1
410286,丢丢,1000,3000,1
410287,卡卡虫,500,1200,1
410288,卡卡虫,500,1200,1
410289,卡卡虫,500,1200,1
410290,卡瓦重,250,625,1
410291,卡瓦重,250,625,1
410292,卡瓦重,250,625,1
410293,蹦蹦种子,1000,1700,1
410294,蹦蹦种子,1000,1700,1
410295,蹦蹦种子,1000,1700,1
410296,蹦蹦草,500,525,1
410297,蹦蹦草,500,525,1
410298,蹦蹦草,500,525,1
410299,蹦蹦花,250,240,1
410300,蹦蹦花,250,240,1
410301,蹦蹦花,250,240,1
410303,矿晶虫,1000,3000,
410304,晶石蜗,500,1200,
410305,犀角鸟,1000,1000,
410306,光纤兽,500,310,
410307,疾光千兽,250,180,
410308,若叶蜥,,,
410309,立叶蜥,,,
410310,蝶叶巨蜥,,,
410311,小鼠獭,1000,3000,
410312,燕尾獭,500,1200,
410313,卷胡巨獭,250,625,
410315,粉星仔,1000,1000,
410316,粉耳星兔,250,180,
410317,觅觅蝠,,,
410318,翻翻蝠,,,
410319,夜游魔,,,
410323,独角龙,,,
410324,坚角龙,,,
410325,爆角龙,,,
410326,海盔虫,1000,3000,
410327,刺盔虫,500,1200,
410328,千棘盔,250,625,
410329,雪娃娃,1000,1700,
410330,冰封怨灵,500,525,
410331,雪灵,250,240,
410332,格格布,,,
410333,格布布,,,
410334,冰虎宝,,,
410335,冰晶虎,,,
410336,古齿帝牙,,,
410337,雪灵兽,,,
410338,幻雪兽,,,
410339,饮雪狂兽,,,
410340,乖乖鹄,1000,3000,
410341,蓝珠天鹅,500,1200,
410342,翠顶夫人,250,625,
410343,芽眼魔,,,
410344,叶眼魔,,,
410345,障眼魔,,,
410346,红绒十字,250,240,
410347,霹雳宝宝,,,
410348,雷鸣小子,,,
410349,雷暴奔奔,,,
410350,钻地小子,,,
410351,闪电小子,,,
410352,魔能陀螺,,,
410353,电动长颈鹿,1000,1700,
410354,奔乐鹿,500,525,
410355,爵士鹿,250,240,
410356,蝴蝶陶陶,,,
410357,铆钉毛毛,,,
410358,徘徊爪爪,,,
410359,路路,,,
410360,路路尼,,,
410361,古路尼,,,
410363,嘟嘟煲,1000,1000,
410364,嘟嘟锅,500,310,
410365,幽星光,1000,3000,
410366,曜星光,500,1200,
410367,暮星辰,250,625,
410368,春花兔,250,625,
410369,逗逗,1000,1700,
410370,气球猫,500,525,
410371,梦想三三,250,240,
410372,旋叶虫,1000,3000,
410373,风滚暮虫,250,625,
410374,菇菇丁,1000,3000,
410375,多菇丁,500,1200,
410376,九幽菇,250,625,
410377,深蓝鲸,250,240,
410378,双灯鱼,1000,3000,
410379,利灯鱼,250,625,
410380,豆丁鱼,1000,1700,
410381,快鳍鱼,500,525,
410382,龙鱼,250,240,
410383,科多多,,,
410384,科多索,,,
410388,凡雀,,,
410389,紫翎鹰,,,
410390,凡鹰,,,
410391,里奥,,180,
410392,灵羽勇士,,180,
410393,圣羽翼王,,180,
410394,星尘虫,1000,1000,
410395,落星虫,500,310,
410396,陨星虫,250,180,
410397,伊里斯,,,
410398,碎晶蝎,,,
410399,晶尾蝎,,,
410400,蝎子王,,,
410401,幽冥眼,250,625,
410402,缇塔,1000,1700,
410403,声波缇塔,500,525,
410404,齿轮小子,,,
410405,机甲小子,,,
410406,权杖-Ⅱ,1000,1700,
410407,权杖-V,250,240,
410408,伊兰亚龙,250,240,
410412,格斗小五,,,
410413,格斗小六,,,
410414,格斗小八,,,
410415,厉毒小萝,1000,1700,
410416,厉毒修萝,250,240,
410417,破梦者,,,
410418,食梦者,,,
410419,空灵兽,,,
410420,空灵斗士,,,
410421,三叶草龙,,,
410422,花叶龙,,,
410423,麦香驼,,,
410424,臭臭锥,,,
410425,埃欧熔锥,,,
410426,海枝枝,500,1200,
410427,海枝枝,500,1200,
410428,海枝枝,500,1200,
410429,海枝枝,500,1200,
410430,小电企鹅,1000,1000,
410431,电企鹅,250,180,
410432,柴渣虫,1000,3000,
410433,燃薪虫,500,1200,
410434,梦游,1000,1700,
410435,梦悠悠,250,240,
410436,梦游,1000,1700,
410437,梦悠悠,250,240,
410438,小星光,500,525,
410439,星光狮,250,240,
410440,噼啪鸟,250,240,
410441,雪毛角羚牛,,,
410442,雪毛角羚牛,,,
410443,雪毛角羚牛,,,
410444,晶石蜗,500,1200,1
410445,晶石蜗,500,1200,1
410446,晶石蜗,500,1200,1
410447,晶石蜗,500,1200,1
410448,鸭吉吉,1000,3000,
410449,鸭吉吉,1000,3000,
410450,地鼠,1000,3000,
410451,遁鼠,500,1200,
410452,遁地鼠,250,625,
410453,月牙雪熊,250,240,
410454,圣代甜甜,250,180,
410455,圣代甜甜,250,180,
410456,圣代甜甜,250,180,
410457,圣代甜甜,250,180,
410458,圣代甜甜,250,180,
410459,圣代甜甜,250,180,
410460,圣代甜甜,250,180,
410461,圣代甜甜,250,180,
410462,星云旅者,,,
410463,小狮鹫,1000,1700,
410464,神圣狮鹫,500,525,
410465,皇家狮鹫,250,240,
410466,化蝶,250,240,
410467,化蝶,250,240,
410468,化蝶,250,240,
410469,布瓜蝌,1000,3000,
410470,上岸蛙,250,625,
410471,海盔虫,1000,3000,
410472,刺盔虫,500,1200,
410473,千棘盔,250,625,
410474,香草甜甜,500,310,
410475,香草甜甜,500,310,
410476,圣羽翼王,,180,
410477,暗影灵面,500,1200,
410478,幽冥眼,250,625,
410479,蓬叶虫,500,1200,
410480,螺旋帕帕,1000,1700,
410481,粉耳星兔,250,180,
410482,晶石蜗,500,1200,
410483,小丑豆豆,,,
410484,小丑兔,,,
410485,小丑公爵,,,
410486,吸泥鸥,1000,1700,
410487,泥吼牙,250,240,
410488,兽花蕾,1000,3000,
410489,肥草球,,,
410490,赫拉,,,
410491,鸭吉吉,1000,3000,
410492,旋叶虫,1000,3000,
410493,蓬叶虫,500,1200,
410494,风滚暮虫,250,625,
410495,公平鸽,500,310,
410496,石肤蜥,1000,3000,
410497,石蜥,500,1200,
410498,石冠王蜥,250,625,
410499,线球鼠,,,
410500,慈母鼠,,,
410501,夜回犀牛,,,
410502,花怨鳗,500,1200,
410503,鳗尾兽,250,625,
410504,波波螺,1000,3000,
410505,消波螺,500,1200,
410506,嗜波螺,250,625,
410507,波波螺,1000,3000,
410508,消波螺,500,1200,
410509,嗜波螺,250,625,
410510,圣水迪莫,,,
410511,圣火迪莫,,,
410512,板板壳,1000,3000,
410513,咔咔壳,500,1200,
410514,水泡壳,250,625,
410515,海闪星,,,
410516,海魔星,,,
410517,里拉鳐,500,525,
410518,水星尾,,,
410519,水星龙弦,,,
410520,阿瓦鲨,,,
410521,阿瓦鲨,,,
410522,抹茶布丁,500,310,
410523,椰浆布丁,500,310,
410524,熔岩布丁,500,310,
410525,号儿鱼,1000,1700,
410526,圆号鱼,500,525,
410527,小雪人,,,
410528,雪怪,,,
410529,雪绒鸟,1000,3000,
410530,斑斑,1000,3000,
410531,斑枭,500,1200,
410532,乌达,1000,1700,
410533,迷你乌,500,525,
410534,乌拉塔,250,240,
410535,乌达,1000,1700,
410536,迷你乌,500,525,
410537,乌拉塔,250,240,
410538,未完虫,,,
410539,多灵,1000,1000,
410540,多灵主,250,180,
410541,圣剑侍从,500,525,
410542,圣剑-X,250,240,
410543,帕帕斯卡,500,525,
410544,小银翼龙,,,
410545,银翼龙,,,
410546,棋棋,1000,3000,
410547,棋骑士,250,625,
410548,棋绮后,250,625,
410549,棋齐垒,250,625,
410550,棋祈督,250,625,
410551,棋棋,1000,3000,
410552,棋骑士,250,625,
410553,棋绮后,250,625,
410554,棋齐垒,250,625,
410555,棋祈督,250,625,
410556,乌咩,,,
410557,乌角驮驮,,,
410558,堇楹苞,,,
410559,蔓羽兽,,,
410560,厉毒鸩兽,,,
410561,栗鼠,,,
410562,壳栗丝鼠,,,
410563,落陨星兔,250,180,
410564,小黑猫,1000,1700,
410565,黑猫巫师,500,525,
410566,河马巴斯,,,
410567,黑羽夫人,250,625,
410568,爆焰仔,,,
410569,爆焰喷喷,,,
410570,热团团,,,
410571,焰米龙,,,
410572,圣凯布米龙,,,
410573,墨鱿士,1000,1700,
410574,混乱鱿彩,250,240,
410575,秩序鱿墨,250,240,
410576,利刺毒蝎,,,
410577,剧毒魔蝎,,,
410578,刺轮砣,1000,3000,
410579,月亮砣,500,1200,
410580,刺轮砣,1000,3000,
410581,月亮砣,500,1200,
410582,梦残卷,,,
410583,曲率龙卷,,,
410584,曲率飞鱼,,,
410585,玳龟,,,
410586,玳塔,,,
410587,十字蝌蚪,,,
410588,十字蛙,,,
410589,深渊蛙,,,
410590,松仔,1000,1700,
410591,松叶羊,500,525,
410592,针叶巡林,250,240,
410593,水滴蛇,1000,1700,
410594,水蛇锁,500,525,
410595,游蛇魔使,250,240,
410596,小勇狮,1000,1700,
410597,炽焰狮,500,525,
410598,炽心勇狮,250,240,
410599,毛头小蛛,1000,1700,
410600,捕尘长绒,500,525,
410601,食尘短绒,500,525,
410602,画精灵,1000,1700,
410603,画像守护,500,525,
410604,画间法师手,250,240,
410605,画间沉铁兽,250,240,
410606,书魔虫,1000,1700,
410607,书卷守护,500,525,
410608,古卷执政官,250,240,
410609,古卷匣魔像,250,240,
410610,嗜光嗡嗡,1000,3000,
410611,窃光蚊,500,1200,
410612,不咕钟,,,
410613,溯源钟,,,
410614,小箱怪,500,310,
410615,迷迷箱怪,250,180,
410616,学院呱呱,,,
410617,古钟蛇,1000,1700,
410618,寒音蛇,250,240,
410619,噬影蚕,,,
410620,吞噬,,,
410621,小冥龙,,,
410622,冥古龙,,,
410623,矮核球,,,
410624,星脉兽,,,
410625,巡天幻星,,,
410626,地银链,,,
410627,地银链,,,
410628,地底银鳞,,,
410629,荆伞兽,,,
410630,荆棘魔伞,,,
410631,蝶兰花,,,
410632,蝶兰花仙,,,
410633,桃花苞,,,
410634,桃胖子,,,
410635,桃花仙,,,
410636,菌宝,,,
410637,竹笙仔,,,
410638,鬼笔伯爵,,,
410639,芝芝酥,,,
410640,药尾灵螈,,,
410641,三坛枞,,,
410642,六月星菌,,,
410643,小红侍,,,
410644,红膏女爵,,,
410645,鹿鸣笙,,,
410646,笙韵鹿灵,,,
410647,笔童,,,
410648,笔仙,,,
410649,笔圣,,,
410650,好鳄椰,,,
410651,超级鳄椰,,,
410652,海豚宝,,,
410653,泡泡豚,,,
410654,海豚勇士,,,
410655,加油海葵,,,
410656,加油蟹,,,
410657,脆鸣鸟,,,
410658,警卫鸟,,,
410659,量风碗,,,
410660,测风蝉,,,
410661,丁丁猫,,,
410662,猫山咪钥,,,
410663,仙羽,,,
410664,一点红,,,
410665,念珠鹤,,,
410666,蛐曲儿,,,
410667,长翎将军,,,
410668,曲鸣大将,,,
410669,荆棘笼,,,
410670,惩戒巨笼,,,
410671,守夜烛,,,
410672,流明坎德拉,,,
410673,烟花团,,,
410674,烟花伯爵,,,
410675,蒸汽胖胖,,,
410676,蒸汽胖可,,,
410677,剪影影,,,
410678,影子剪纸,,,
410679,咕咕帽,,,
410680,咕德帽帽,,,
410681,幽冥狐,,,
410682,魅惑狐仙,,,
410683,丹凤蓝狐,,,
410684,蔷薇茧,,,
410685,具足秘剑,,,
410686,问卜兽,,,
410687,卜甲梦龟,,,
410688,梦杯,,,
410689,长生梦兽,,,
410690,毛线虫,,,
410691,梭织团团,,,
410692,针织哼哼,,,
410693,稻草人,,,
410694,稻草守护者,,,
410695,不香芋,,,
410696,去污香芋,,,
410697,嗜污香芋,,,
410698,啄疫鸟,,,
410699,瘟疫医鸟,,,
410700,优优,1000,1700,
410701,绒光优优,250,240,
410702,蜜果骸,,,
410703,半朽蜜果灵,,,
410704,小鼓象,,,
410705,巨鼓象,,,
410706,咬咬小子,,,
410707,胡桃王子,,,
410708,封印守卫,,,
410709,封印使者,,,
410710,上古战龙,,,
410711,格斗小七,,,
410712,糖串串,,,
410713,可烤汪,,,
410714,足尖元件,,,
410715,离心舞者,,,
410716,松仔,1000,1700,
410717,松叶羊,500,525,
410718,针叶巡林,250,240,
410719,水滴蛇,1000,1700,
410720,水蛇锁,500,525,
410721,游蛇魔使,250,240,
410722,小勇狮,1000,1700,
410723,炽焰狮,500,525,
410724,炽心勇狮,250,240,
410725,猴唛仔,,,
410726,音碟吼,,,
410727,骨朵鸟,,,
410728,紫花雀,,,
410729,钨丝贝贝,,,
410730,辉光幕机,,,
410731,机墓方舟,,,
410732,炫光迪迪,,,
410733,​​霹雳迪迪,,,
410734,小怂猫,1000,3000,
410735,怒目怂猫,250,625,
410736,方方狐,1000,3000,
410737,狐脸擦擦,500,1200,
410738,鸭吉吉,1000,3000,1
410739,火红尾,1000,1700,1
410740,雅丹鬃,250,240,1
420001,喵喵,1000,1250,1
420002,水蓝蓝,1000,1250,1
420003,火花,1000,1250,1
420004,迪莫,,,1
420005,水灵,250,800,1
420006,火神,250,800,1
420007,魔力猫,250,800,1
420008,草头鸭,,,1
420009,赤毛鸡仔,,,1
420010,恶魔叮,1000,1250,1
420011,恶魔狼,250,500,1
420012,鸭吉吉,1000,1250,1
420013,铠甲虫,250,500,1
420014,阿米亚特,1000,1250,1
420015,阿米樱,250,750,1
420016,罗隐,250,500,1
420017,蹦蹦种子,1000,1250,1
420018,蹦蹦草,250,1200,1
420019,蹦蹦花,250,800,1
420020,地鼠,1000,1250,1
420021,遁鼠,250,1200,1
420022,遁地鼠,250,800,1
420023,火云斗鸡,,,1
420024,伊丽莎白,,,1
420025,喵呜,250,1200,1
420026,绿草精灵,1000,1250,1
420027,蒲公英娃娃,250,800,1
420028,冬羽雀,1000,1250,1
420029,奇丽草,1000,1250,1
420030,奇丽叶,250,1200,1
420031,奇丽花,250,800,1
420032,焰火,250,1200,1
420033,波波拉,250,1200,1
420034,蒲公英,1000,1250,1
420035,魔草巫灵,250,750,1
420036,鸭吉吉,1000,1250,1
420037,岚鸟,250,800,1
420038,小甲虫,1000,1250,1
420039,叮叮恶魔,250,800,1
420040,丢丢,1000,1250,1
420041,卡卡虫,250,1200,1
420042,卡瓦重,250,800,1
420043,伊贝儿,1000,1250,1
420044,伊贝粉粉,250,800,1
420045,锥尾羊,1000,1250,1
420046,铃兰羊,250,1200,1
420047,花影羚羊,250,800,1
420048,圣光迪莫,,,1
420049,白发懒人,1000,1250,1
420050,记忆石,250,1250,1
420051,圣草迪莫,,,1
420052,煤球憨憨,,,1
420053,害羞球球,,,1
420054,蓝衣夜灵,,,1
420055,板板壳,1000,1250,1
420056,咔咔壳,250,1200,1
420057,水泡壳,250,800,1
420058,一窝蜂,1000,1250,1
420059,黄蜂后,250,1200,1
420060,小灵面,1000,1250,1
420061,暗影灵面,250,1200,1
420062,小独角兽,250,1200,1
420063,白金独角兽,,,1
420064,幽影树,250,1250,1
420065,忽幽狸,1000,1250,1
420066,影狸,250,800,1
420067,卷毛鸭,,,1
420068,灵蔓草王,,,1
420069,锤头鹳,250,1250,1
420070,护主犬,1000,1250,1
420201,喵喵,1000,1250,1
420202,水蓝蓝,1000,1250,1
420203,火花,1000,1250,1
420204,迪莫,,,1
420205,水灵,250,800,1
420206,火神,250,800,1
420207,魔力猫,250,800,1
420208,草头鸭,,,1
420209,赤毛鸡仔,,,1
420210,恶魔叮,1000,1250,1
420211,恶魔狼,250,500,1
420212,鸭吉吉,1000,1250,1
420213,铠甲虫,250,500,1
420214,阿米亚特,1000,1250,1
420215,阿米樱,250,750,1
420216,罗隐,250,500,1
420217,蹦蹦种子,1000,1250,1
420218,蹦蹦草,250,1200,1
420219,蹦蹦花,250,800,1
420220,地鼠,1000,1250,1
420221,遁鼠,250,1200,1
420222,遁地鼠,250,800,1
420223,火云斗鸡,,,1
420224,伊丽莎白,,,1
420225,喵呜,250,1200,1
420226,绿草精灵,1000,1250,1
420227,蒲公英娃娃,250,800,1
420228,冬羽雀,1000,1250,1
420229,奇丽草,1000,1250,1
420230,奇丽叶,250,1200,1
420231,奇丽花,250,800,1
420232,焰火,250,1200,1
420233,波波拉,250,1200,1
420234,蒲公英,1000,1250,1
420235,魔草巫灵,250,750,1
420236,鸭吉吉,1000,1250,1
420237,岚鸟,250,800,1
420238,小甲虫,1000,1250,1
420239,叮叮恶魔,250,800,1
420240,丢丢,1000,1250,1
420241,卡卡虫,250,1200,1
420242,卡瓦重,250,800,1
420243,伊贝儿,1000,1250,1
420244,伊贝粉粉,250,800,1
420245,锥尾羊,1000,1250,1
420246,铃兰羊,250,1200,1
420247,花影羚羊,250,800,1
420248,圣光迪莫,,,1
420249,白发懒人,1000,1250,1
420250,记忆石,250,1250,1
420251,圣草迪莫,,,1
420252,煤球憨憨,,,1
420253,害羞球球,,,1
420254,蓝衣夜灵,,,1
420255,板板壳,1000,1250,1
420256,咔咔壳,250,1200,1
420257,水泡壳,250,800,1
420258,一窝蜂,1000,1250,1
420259,黄蜂后,250,1200,1
420260,小灵面,1000,1250,1
420261,暗影灵面,250,1200,1
420262,小独角兽,250,1200,1
420263,白金独角兽,,,1
420264,幽影树,250,1250,1
420265,忽幽狸,1000,1250,1
420266,影狸,250,800,1
420267,卷毛鸭,,,1
420268,灵蔓草王,,,1
420269,锤头鹳,250,1250,1
420270,护主犬,1000,1250,1
440018,恶魔狼,250,500,1
440229,小灵菇,10000,1250,
440230,双灯鱼,10000,1250,
440315,魔术助手,250,750,1
460006,小独角兽,500,525,1
460129,恶魔叮,1000,1250,1
460130,锥尾羊,1000,1250,1
460131,记忆石,250,1250,1
460132,煤球憨憨,,,1
460133,铠甲虫,250,500,1
460134,魔草巫灵,250,500,1
480001,喵喵,1000,1250,1
480002,水蓝蓝,1000,1250,1
480003,火花,1000,1250,1
480004,迪莫,,,1
480005,水灵,250,800,1
480006,火神,250,800,1
480007,魔力猫,250,800,1
480008,草头鸭,,,1
480009,赤毛鸡仔,,,1
480010,恶魔叮,1000,1250,1
480011,恶魔狼,250,500,1
480012,鸭吉吉,1000,1250,1
480013,铠甲虫,250,500,1
480014,阿米亚特,1000,1250,1
480015,阿米樱,250,750,1
480016,罗隐,250,500,1
480017,蹦蹦种子,1000,1250,1
480018,蹦蹦草,250,1200,1
480019,蹦蹦花,250,800,1
480020,地鼠,1000,1250,1
480021,遁鼠,250,1200,1
480022,遁地鼠,250,800,1
480023,火云斗鸡,,,1
480024,喵呜,250,1200,1
480025,绿草精灵,1000,1250,1
480026,蒲公英娃娃,250,800,1
480027,冬羽雀,1000,1250,1
480028,奇丽草,1000,1250,1
480029,奇丽叶,250,1200,1
480030,奇丽花,250,800,1
480031,焰火,250,1200,1
480032,波波拉,250,1200,1
480033,蒲公英,1000,1250,1
480034,魔草巫灵,250,750,1
480035,鸭吉吉,1000,1250,1
480036,岚鸟,250,800,1
480037,小甲虫,1000,1250,1
480038,叮叮恶魔,250,800,1
480039,丢丢,1000,1250,1
480040,卡卡虫,250,1200,1
480041,卡瓦重,250,800,1
480042,伊贝儿,1000,1250,1
480043,伊贝粉粉,250,800,1
480044,锥尾羊,1000,1250,1
480045,铃兰羊,250,1200,1
480046,花影羚羊,250,800,1
480047,圣光迪莫,,,1
480048,白发懒人,1000,1250,1
480049,记忆石,250,1250,1
480050,圣草迪莫,,,1
480051,煤球憨憨,,,1
480052,害羞球球,,,1
480053,蓝衣夜灵,,,1
480054,板板壳,1000,1250,1
480055,咔咔壳,250,1200,1
480056,水泡壳,250,800,1
480057,一窝蜂,1000,1250,1
480058,黄蜂后,250,1200,1
480059,小灵面,1000,1250,1
480060,暗影灵面,250,1200,1
480061,小独角兽,250,1200,1
480062,白金独角兽,,,1
480063,幽影树,250,1250,1
480064,忽幽狸,1000,1250,1
480065,影狸,250,800,1
480066,卷毛鸭,,,1
480067,锤头鹳,250,1250,1
480068,护主犬,1000,1250,1
480069,音速犬,250,800,1
480070,格兰种子,,,1
480071,格兰花,,,1
480072,格兰球,,,1
480073,灵狐,1000,1250,1
480074,九尾狐,250,750,1
480075,尖嘴狐仙,250,500,1
480076,烈钻鸟,1000,1250,1
480077,长尾火鸟,250,750,1
480078,火羽,250,500,1
480079,治愈兔,1000,1250,1
480080,红丝绒,250,1200,1
480081,可爱猿,1000,1250,1
480082,炽热猿,250,750,1
480083,火焰猿,250,500,1
480084,可立鸡,,,1
480085,晕晕鸡,,,1
480086,绅士鸡,,,1
480087,武者鸡,,,1
480088,火尾瓦特,1000,1250,1
480089,火尾战士,250,750,1
480090,烈火守护,250,500,1
480091,呆小路,1000,1250,1
480092,舞动路路,250,750,1
480093,白发路路,250,500,1
480094,灵蔓草王,,,1
480095,绿耳松鼠,1000,1250,1
480096,抱枕松鼠,250,1200,1
480097,蹦床松鼠,250,800,1
480098,动力猿,250,750,1
480099,瞌睡王,250,500,1
480100,布是石,1000,1250,1
480101,布是岩,250,1200,1
480102,布克棱岩,250,800,1
480103,石肤蜥,1000,1250,1
480104,石刺蜥,250,1200,1
480105,石冠王蜥,250,800,1
480106,仪使者,1000,1250,1
480107,仪式之星,250,750,1
480108,仪式巨像,250,500,1
480109,甜田螺,1000,1250,1
480110,壳乙螺,250,750,1
480111,卡洛儿,250,500,1
480112,风铃鲨,1000,1250,1
480113,蓝蝶鲨,250,1200,1
480114,彩蝶鲨,250,800,1
480115,果冻,1000,1250,1
480116,翡翠水母,,,1
480117,琉璃水母,,,1
480118,大耳帽兜,1000,1250,1
480119,帽兜娃娃,250,750,1
480120,雪影娃娃,250,500,1
480121,脆筒甜甜,1000,1250,1
480122,香草甜甜,250,750,1
480123,圣代甜甜,250,500,1
480124,小狮鹫,1000,1250,1
480125,神圣狮鹫,250,1200,1
480126,皇家狮鹫,250,800,1
480127,圆眼蜘蛛,1000,1250,1
480128,尖角蜘蛛,250,1200,1
480129,芋香巨角蛛,250,800,1
480130,小螂,,,1
480131,兵螂,,,1
480132,飞天刀螂,,,1
480133,毛毛,1000,1250,1
480134,爬爬,250,750,1
480135,化蝶,250,500,1
480136,小草虫,1000,1250,1
480137,草衣虫,250,1200,1
480138,花衣蝶,250,800,1
480139,小夜,1000,1250,1
480140,紫夜,250,750,1
480141,朔夜伊芙,250,500,1
480142,小灵菇,1000,1250,1
480143,幻灵菇,250,1200,1
480144,幻影灵菇,250,800,1
480145,空空颅,,,1
480146,夜宿颅,,,1
480147,夜枭,,,1
480148,多多,1000,1250,1
480149,多啦多,250,1200,1
480150,古啦多,250,800,1
480151,裘洛,,,1
480152,裘力,,,1
480153,裘卡,,,1
480154,花魁蜂后,250,800,1
480155,武斗酷猫,,,1
480156,紫蔓宝宝,,,1
480157,紫蔓祭祀,,,1
480158,春团,1000,1250,1
480159,春兔,250,750,1
480160,伏地兽,1000,1250,1
480161,贪食鼹,250,750,1
480162,巨噬针鼹,250,500,1
480163,阿布,,,1
480164,超能阿布,,,1
480165,石石,1000,1250,1
480166,巨灵石,250,800,1
480167,雪豆丁,1000,1250,1
480168,雪蛮人,250,1200,1
480169,雪巨人,250,800,1
480170,咔咔羽毛,1000,1250,1
480171,咔咔雀,250,750,1
480172,咔咔鸟,250,500,1
480173,矮脚爬爬,,,1
480174,恶魔红钻,,,1
480175,小帕尔,1000,,1
480176,帕尔萨斯,250,,1
480177,龙息帕尔,250,,1
480178,瑰眼仔,,,1
480179,耳翎瑰魅,,,1
480180,邪眼巨魔,,,1
480181,小光,,,1
480182,迷迷眼,,,1
480183,拉特,,,1
480184,酷拉,,,1
480185,电咩咩,1000,1250,1
480186,粉咩咩,250,1200,1
480187,电球咩咩,250,800,1
480188,小星光,1000,1250,1
480189,星光狮,250,800,1
480190,闪电环,,,1
480191,刺电环,,,1
480192,荆棘电环,,,1
480193,粉粉星,1000,1250,1
480194,小皮球,250,750,1
480195,机械方方,1000,1250,1
480196,多彩方方,250,750,
480197,立方人,250,500,1
480198,贝瑟,1000,1250,1
480199,贝加尔,250,750,1
480200,贝古斯,250,500,1
480201,多西,1000,1250,1
480202,库多西,250,750,1
480203,波多西,250,500,1
480204,小翼龙,1000,1250,1
480205,翼龙,250,500,1
480206,伊雷龙,1000,1250,1
480208,黑炎宝宝,,,1
480209,黑炎,,,1
480210,海豹战士,,,1
480211,海豹船长,,,1
480212,呼拉猫,,,1
480213,增肌猫,,,1
480214,健猫教练,,,1
480215,古钟蛇,1000,1250,1
480216,寒音蛇,250,500,1
480217,菊花梨,1000,1250,1
480218,友爱天天,,,1
480219,友爱星飞,,,1
480220,加灵,,,1
480221,加益,,,1
480222,加尔,,,1
480223,加尔,,,1
480224,牵线木偶,1000,1250,1
480225,帅帅魔偶,250,750,1
480226,超能球球,,,1
480227,小怂猫,1000,1250,1
480228,怒目怂猫,250,750,1
480229,哭哭菇,1000,1250,1
480230,怖须菇,250,750,1
480231,怖哭菇,250,500,1
480232,呆火鸟,,,1
480233,喷火鸟,,,1
480234,绒绒,1000,1250,1
480235,小绒茧,250,750,1
480236,绒仙子,250,500,1
480237,绿洲象,,,1
480238,流星猛犸,,,1
480239,小鹬,,,1
480240,鄙目鹬,,,1
480241,高脚鹬,,,1
480242,速粒小子,,,1
480243,速粒冲锋,,,1
480244,奔波鼠,,,1
480245,流浪鼠,,,1
480246,布鲁斯,1000,1250,1
480247,雪顶布鲁斯,250,750,1
480248,冰钻布鲁斯,250,500,1
480249,古拉海象,,,1
480250,大古拉海象,,,1
480251,呼呼猪,1000,1250,1
480252,獠牙猪,250,800,1
480253,卡波,1000,1250,1
480254,卡拉波斯,250,750,1
480255,胆小鳗鱼,,,1
480256,闪电鳗鱼,,,1
480257,大头骨龙,,,1
480258,寂灭骨龙,,,1
480262,绿翼鸟,1000,1250,1
480263,魔翼鸟,250,1200,1
480264,魔眷鸟,250,800,1
480265,冬羽雀,1000,1250,1
480266,冬羽雀,1000,1250,1
480267,冬羽雀,1000,1250,1
480268,岚鸟,250,800,1
480269,岚鸟,250,800,1
480270,岚鸟,250,800,1
480271,丢丢,1000,1250,1
480272,丢丢,1000,1250,1
480273,丢丢,1000,1250,1
480274,卡卡虫,250,1200,1
480275,卡卡虫,250,1200,1
480276,卡卡虫,250,1200,1
480277,卡瓦重,250,800,1
480278,卡瓦重,250,800,1
480279,卡瓦重,250,800,1
480280,蹦蹦种子,1000,1250,1
480281,蹦蹦种子,1000,1250,1
480282,蹦蹦种子,1000,1250,1
480283,蹦蹦草,250,1200,1
480284,蹦蹦草,250,1200,1
480285,蹦蹦草,250,1200,1
480286,蹦蹦花,250,800,1
480287,蹦蹦花,250,800,1
480288,蹦蹦花,250,800,1
480289,矿晶虫,1000,1250,1
480290,晶石蜗,250,800,1
480291,犀角鸟,1000,1250,1
480292,光纤兽,250,750,1
480293,疾光千兽,250,500,1
480294,小鼠獭,1000,1250,1
480295,燕尾獭,250,1200,1
480296,卷胡巨獭,250,800,1
480297,粉星仔,250,750,1
480298,觅觅蝠,,,1
480299,海盔虫,1000,1250,1
480300,刺盔虫,250,1200,1
480301,千棘盔,250,800,1
480302,雪娃娃,1000,1250,1
480303,冰封怨灵,250,1200,1
480304,雪灵,250,800,1
480305,乖乖鹄,1000,1250,1
480306,蓝珠天鹅,250,800,1
480307,芽眼魔,,,1
480308,叶眼魔,,,1
480309,红绒十字,250,800,1
480310,霹雳宝宝,,,1
480311,雷鸣小子,,,1
480312,电动长颈鹿,1000,1250,1
480313,奔乐鹿,250,750,1
480314,爵士鹿,250,500,1
480315,路路尼,,,1
480316,嘟嘟煲,1000,1250,1
480317,嘟嘟锅,250,750,1
480318,春花兔,250,500,1
480319,气球猫,250,1250,1
480320,旋叶虫,1000,1250,1
480321,风滚暮虫,250,800,1
480322,菇菇丁,,,1
480323,多菇丁,,,1
480324,九幽菇,,,1
480325,深蓝鲸,,,1
480326,双灯鱼,1000,1250,1
480327,利灯鱼,250,800,1
480328,豆丁鱼,,,1
480329,快鳍鱼,,,1
480330,龙鱼,,,1
480331,科多多,,,1
480332,科多索,,,1
480333,凡鹰,1000,,1
480334,里奥,,,1
480335,灵羽勇士,,,1
480336,圣羽翼王,,,1
480337,星尘虫,,,1
480338,落星虫,,,1
480339,陨星虫,,,1
480340,伊里斯,,,1
480341,晶尾蝎,,,1
480342,蝎子王,,,1
480343,幽冥眼,250,800,1
480344,缇塔,,,1
480345,声波缇塔,,,1
480346,齿轮小子,,,1
480347,机甲小子,,,1
480348,权杖-Ⅱ,1000,1250,1
480349,权杖-V,250,800,1
480350,伊兰亚龙,250,500,1
480354,格斗小五,250,1250,1
480355,格斗小六,250,1250,1
480356,格斗小八,250,500,1
480357,厉毒小萝,1000,1250,1
480358,厉毒修萝,250,500,1
480359,破梦者,,,1
480360,食梦者,,,1
499004,伊丽莎白,,,1
499005,伊丽莎白,,,1
499006,伊丽莎白,,,1
519084,板板壳,,,1
519085,双灯鱼,,,1
519086,闪电鳗鱼,,,1
519087,蓝蝶鲨,,,1
519088,魔翼鸟,,,1
519089,铃兰羊,,,1
519090,蓝珠天鹅,,,1
540201,蹦蹦种子,1000,1700,1
1800065,呼呼猪,50000,1700,1
1800066,獠牙猪,50000,240,1
1800067,雪影娃娃,50000,240,1
1800068,大耳帽兜,50000,1700,1
1800069,帽兜娃娃,50000,525,1
1800070,恶魔狼,50000,180,1
1800071,奇丽草,50000,1700,1
1800072,奇丽叶,50000,525,1
1800073,奇丽花,50000,240,1
1800074,机械方方,50000,1700,1
1800075,多彩方方,50000,525,1
1800076,立方人,50000,240,1
1800077,格兰种子,50000,3000,1
1800078,格兰花,50000,1200,1
1800079,格兰球,50000,625,1
1800080,红绒十字,50000,240,1
1800081,治愈兔,50000,1700,1
1800082,红丝绒,50000,525,1
1800083,拉特,50000,1700,1
1800084,酷拉,50000,240,1
