petbase_id,name,stage,pet_evolution_id,unit_type,unit_type_name,quality,wish_number,Catch_Threshold_Bonus,Catch_Threshold_Bonustime,talent_amazing_chance,talent_good_chance,talent_normal_chance,talent_perfect_chance
3001,喵喵,1,4,3,草,2,24,10000,1,1000,1000,7000,1000
3002,水蓝蓝,1,1,5,水,2,24,10000,1,1000,1000,7000,1000
3003,火花,1,2,4,火,2,24,10000,1,1000,1000,7000,1000
3004,迪莫,1,3,6,光,3,80,10000,1,,,,10000
3005,水灵,3,1,5,水,2,60,10000,1,2500,2500,3000,2000
3006,火神,3,2,4,火,2,60,10000,1,2500,2500,3000,2000
3007,魔力猫,3,4,3,草,2,60,10000,1,2500,2500,3000,2000
3008,草头鸭,1,5,3,草,2,16,10000,1,1000,1000,7000,1000
3009,赤毛鸡仔,1,6,4,火,2,,10000,1,,,10000,
3010,恶魔叮,1,7,18|15,恶|翼,2,16,10000,1,1000,1000,7000,1000
3011,恶魔狼,1,8,18,恶,2,80,10000,1,2500,2500,3000,2000
3012,鸭吉吉,1,9,2,普通,2,16,10000,1,1000,1000,7000,1000
3013,铠甲虫,2,10,13,虫,2,60,10000,1,2500,2500,3000,2000
3014,阿米亚特,1,11,8,地,2,32,10000,1,1000,1000,7000,1000
3015,阿米樱,2,11,8,地,2,56,10000,1,1500,2000,5000,1500
3016,罗隐,3,11,8|18,地|恶,2,80,10000,1,2500,2500,3000,2000
3017,蹦蹦种子,1,12,3|12,草|毒,2,24,10000,1,1000,1000,7000,1000
3018,蹦蹦草,2,12,3|12,草|毒,2,42,10000,1,1500,2000,5000,1500
3019,蹦蹦花,3,12,3|12,草|毒,2,60,10000,1,2500,2500,3000,2000
3020,地鼠,1,13,8,地,2,16,10000,1,1000,1000,7000,1000
3021,遁鼠,2,13,8,地,2,28,10000,1,1500,2000,5000,1500
3022,遁地鼠,3,13,8,地,2,40,10000,1,2500,2500,3000,2000
3023,火云斗鸡,2,6,4,火,2,,10000,1,,,10000,
3024,伊丽莎白,3,,4,火,2,,10000,1,,,10000,
3025,喵呜,2,4,3,草,2,42,10000,1,1500,2000,5000,1500
3026,绿草精灵,1,14,3|20,草|幻,2,32,10000,1,1000,1000,7000,1000
3027,蒲公英娃娃,2,15,3|16,草|萌,2,42,10000,1,1500,2000,5000,1500
3028,冬羽雀,2,16,15,翼,2,16,10000,1,1000,1000,7000,1000
3029,奇丽草,1,17,3,草,2,24,10000,1,1000,1000,7000,1000
3030,奇丽叶,2,17,3,草,2,42,10000,1,1500,2000,5000,1500
3031,奇丽花,3,17,3,草,2,60,10000,1,2500,2500,3000,2000
3032,焰火,2,2,4,火,2,42,10000,1,1500,2000,5000,1500
3033,波波拉,2,1,5,水,2,42,10000,1,1500,2000,5000,1500
3034,蒲公英,1,15,3|16,草|萌,2,24,10000,1,1000,1000,7000,1000
3035,魔草巫灵,2,14,3|20,草|幻,2,56,10000,1,1500,2000,5000,1500
3036,鸭吉吉,1,18,2,普通,2,16,10000,1,1000,1000,7000,1000
3037,岚鸟,3,16,15,翼,2,40,10000,1,2500,2500,3000,2000
3038,小甲虫,1,10,13,虫,2,24,10000,1,1000,1000,7000,1000
3039,叮叮恶魔,2,7,18|15,恶|翼,2,40,10000,1,2500,2500,3000,2000
3040,丢丢,1,19,3,草,2,16,10000,1,1000,1000,7000,1000
3041,卡卡虫,2,19,3,草,2,28,10000,1,1500,2000,5000,1500
3042,卡瓦重,3,19,3,草,2,40,10000,1,2500,2500,3000,2000
3043,伊贝儿,1,20,3,草,2,16,10000,1,1000,1000,7000,1000
3044,伊贝粉粉,2,20,3,草,2,28,10000,1,1500,2000,5000,1500
3045,锥尾羊,1,21,17,幽,2,16,10000,1,1000,1000,7000,1000
3046,铃兰羊,2,21,17,幽,2,28,10000,1,1500,2000,5000,1500
3047,花影羚羊,3,21,17|18,幽|恶,2,40,10000,1,2500,2500,3000,2000
3048,圣光迪莫,2,,6,光,3,,10000,1,,,10000,
3049,白发懒人,1,22,2,普通,2,32,10000,1,1000,1000,7000,1000
3050,记忆石,1,23,8,地,2,28,10000,1,1500,2000,5000,1500
3051,圣草迪莫,2,,6|3,光|草,3,,10000,1,,,10000,
3052,煤球憨憨,1,24,8|2,地|普通,2,,10000,1,,,10000,
3053,害羞球球,2,24,8|2,地|普通,2,,10000,1,,,10000,
3054,害羞球球,3,24,8|2,地|普通,2,,10000,1,,,10000,
3055,板板壳,1,25,5,水,2,16,10000,1,1000,1000,7000,1000
3056,咔咔壳,2,25,5,水,2,28,10000,1,1500,2000,5000,1500
3057,水泡壳,3,25,5,水,2,40,10000,1,2500,2500,3000,2000
3058,一窝蜂,1,26,13|15,虫|翼,2,16,10000,1,1000,1000,7000,1000
3059,黄蜂后,2,26,13|15,虫|翼,2,28,10000,1,1500,2000,5000,1500
3060,小灵面,1,27|217,17,幽,2,16,10000,1,1000,1000,7000,1000
3061,暗影灵面,2,27,17,幽,2,28,10000,1,1500,2000,5000,1500
3062,小独角兽,1,28,6,光,2,42,10000,1,1500,2000,5000,1500
3063,白金独角兽,2,28,6,光,2,60,10000,1,2500,2500,3000,2000
3064,幽影树,1,29,17|3,幽|草,2,42,10000,1,1500,2000,5000,1500
3065,忽幽狸,1,30,17|12,幽|毒,2,16,10000,1,1000,1000,7000,1000
3066,影狸,2,30,17|12,幽|毒,2,40,10000,1,2500,2500,3000,2000
3067,卷毛鸭,2,5,3|14,草|武,2,28,10000,1,1500,2000,5000,1500
3069,锤头鹳,1,31,15|5,翼|水,2,60,10000,1,2500,2500,3000,2000
3070,护主犬,1,32,4,火,2,16,10000,1,1000,1000,7000,1000
3071,音速犬,2,32,4,火,2,40,10000,1,2500,2500,3000,2000
3072,格兰种子,1,33,3,草,2,16,10000,1,1000,1000,7000,1000
3073,格兰花,2,33,3,草,2,28,10000,1,1500,2000,5000,1500
3074,格兰球,3,33,3,草,2,40,10000,1,2500,2500,3000,2000
3075,灵狐,1,34,4|9,火|冰,2,32,10000,1,1000,1000,7000,1000
3076,九尾狐,2,34,4|9,火|冰,2,56,10000,1,1500,2000,5000,1500
3077,尖嘴狐仙,3,34,4|9,火|冰,2,80,10000,1,2500,2500,3000,2000
3078,烈钻鸟,1,35,4|15,火|翼,2,,10000,1,,,10000,
3079,长尾火鸟,2,35,4|15,火|翼,2,,10000,1,,,10000,
3080,火羽,3,35,4|15,火|翼,2,,10000,1,,,10000,
3081,治愈兔,1,36,4|16,火|萌,2,24,10000,1,1000,1000,7000,1000
3082,红丝绒,2,36,4|16,火|萌,2,42,10000,1,1500,2000,5000,1500
3083,可爱猿,1,37,4,火,2,32,10000,1,1000,1000,7000,1000
3084,炽热猿,2,37,4,火,2,56,10000,1,1500,2000,5000,1500
3085,火焰猿,3,37,4,火,2,80,10000,1,2500,2500,3000,2000
3086,可立鸡,1,38|201,4,火,2,16,10000,1,1000,1000,7000,1000
3087,晕晕鸡,2,38|201,4,火,2,28,10000,1,1500,2000,5000,1500
3088,绅士鸡,3,38,4|14,火|武,2,40,10000,1,2500,2500,3000,2000
3089,武者鸡,3,201,4|14,火|武,2,40,10000,1,2500,2500,3000,2000
3090,火尾瓦特,1,39,4,火,2,16,10000,1,1000,1000,7000,1000
3091,火尾战士,2,39,4,火,2,28,10000,1,1500,2000,5000,1500
3092,烈火守护,3,39,4,火,2,40,10000,1,2500,2500,3000,2000
3093,呆小路,1,40,3|16,草|萌,2,16,10000,1,1000,1000,7000,1000
3094,舞动路路,2,40,3|16,草|萌,2,28,10000,1,1500,2000,5000,1500
3095,白发路路,3,40,3|16,草|萌,2,40,10000,1,2500,2500,3000,2000
3097,灵蔓草王,3,41,3,草,3,,10000,1,,,10000,
3098,绿耳松鼠,1,42,2,普通,2,16,10000,1,1000,1000,7000,1000
3099,抱枕松鼠,2,42,2,普通,2,28,10000,1,1500,2000,5000,1500
3100,蹦床松鼠,3,42,2,普通,2,40,10000,1,2500,2500,3000,2000
3101,动力猿,2,22,2|14,普通|武,2,56,10000,1,1500,2000,5000,1500
3102,瞌睡王,3,22,2|14,普通|武,2,80,10000,1,2500,2500,3000,2000
3103,布是石,1,43,8,地,2,16,10000,1,1000,1000,7000,1000
3104,布是岩,2,43,8,地,2,28,10000,1,1500,2000,5000,1500
3105,布克棱岩,3,43,8,地,2,40,10000,1,2500,2500,3000,2000
3106,石肤蜥,1,44,8,地,2,16,10000,1,1000,1000,7000,1000
3107,石刺蜥,2,44,8,地,2,28,10000,1,1500,2000,5000,1500
3108,石冠王蜥,3,44,8,地,2,40,10000,1,2500,2500,3000,2000
3109,仪使者,1,45,8|20,地|幻,2,24,10000,1,1000,1000,7000,1000
3110,仪式之星,2,45,8|20,地|幻,2,42,10000,1,1500,2000,5000,1500
3111,仪式巨像,3,45,8|20,地|幻,2,60,10000,1,2500,2500,3000,2000
3112,甜田螺,1,46,5|16,水|萌,2,16,10000,1,1000,1000,7000,1000
3113,壳乙螺,2,46,5|16,水|萌,2,28,10000,1,1500,2000,5000,1500
3114,卡洛儿,3,46,5|16,水|萌,2,40,10000,1,2500,2500,3000,2000
3115,风铃鲨,1,47,5|15,水|翼,2,24,10000,1,1000,1000,7000,1000
3116,蓝蝶鲨,2,47,5|15,水|翼,2,42,10000,1,1500,2000,5000,1500
3117,彩蝶鲨,3,47,5|15,水|翼,2,60,10000,1,2500,2500,3000,2000
3118,果冻,1,48|221|222,5,水,2,32,10000,1,1000,1000,7000,1000
3119,翡翠水母,1,168,5|12,水|毒,2,24,10000,1,1000,1000,7000,1000
3120,琉璃水母,2,168,5|12,水|毒,2,42,10000,1,1500,2000,5000,1500
3121,大耳帽兜,1,49,9|16,冰|萌,2,24,10000,1,1000,1000,7000,1000
3122,帽兜娃娃,2,49,9|16,冰|萌,2,42,10000,1,1500,2000,5000,1500
3123,雪影娃娃,3,49,9|16,冰|萌,2,60,10000,1,2500,2500,3000,2000
3124,脆筒甜甜,1,50|206|207|208|209|210|211|212|213,9,冰,2,32,10000,1,1000,1000,7000,1000
3125,香草甜甜,2,50|206|207,9,冰,2,56,10000,1,1500,2000,5000,1500
3126,圣代甜甜,3,50,9,冰,2,80,10000,1,2500,2500,3000,2000
3127,小狮鹫,1,51,15,翼,2,24,10000,1,1000,1000,7000,1000
3128,神圣狮鹫,2,51,15,翼,2,42,10000,1,1500,2000,5000,1500
3129,皇家狮鹫,3,51,15,翼,2,60,10000,1,2500,2500,3000,2000
3130,圆眼蜘蛛,1,52,13,虫,2,24,10000,1,1000,1000,7000,1000
3131,尖角蜘蛛,2,52,13|12,虫|毒,2,42,10000,1,1500,2000,5000,1500
3132,芋香巨角蛛,3,52,13|12,虫|毒,2,60,10000,1,2500,2500,3000,2000
3133,小螂,1,53,13,虫,2,,10000,1,,,10000,
3134,兵螂,2,53,13|14,虫|武,2,,10000,1,,,10000,
3135,飞天刀螂,3,53,13|14,虫|武,2,,10000,1,,,10000,
3136,毛毛,1,54|214|215|216,13|16,虫|萌,2,24,10000,1,1000,1000,7000,1000
3137,爬爬,2,54|214|215|216,13|16,虫|萌,2,42,10000,1,1500,2000,5000,1500
3138,化蝶,3,54,13|16,虫|萌,2,60,10000,1,2500,2500,3000,2000
3139,小草虫,1,55,13|3,虫|草,2,24,10000,1,1000,1000,7000,1000
3140,草衣虫,2,55,13|3,虫|草,2,42,10000,1,1500,2000,5000,1500
3141,花衣蝶,3,55,13|3,虫|草,2,60,10000,1,2500,2500,3000,2000
3142,小夜,1,56,18,恶,2,32,10000,1,1000,1000,7000,1000
3143,紫夜,2,56,18,恶,2,56,10000,1,1500,2000,5000,1500
3144,朔夜伊芙,3,56,18,恶,2,80,10000,1,2500,2500,3000,2000
3145,小灵菇,1,57,17,幽,2,16,10000,1,1000,1000,7000,1000
3146,幻灵菇,2,57,17|3,幽|草,2,28,10000,1,1500,2000,5000,1500
3147,幻影灵菇,3,57,17|3,幽|草,2,40,10000,1,2500,2500,3000,2000
3148,空空颅,1,58,17,幽,2,16,10000,1,1000,1000,7000,1000
3149,夜宿颅,2,58,17,幽,2,28,10000,1,1500,2000,5000,1500
3150,夜枭,3,58,17,幽,2,40,10000,1,2500,2500,3000,2000
3151,多多,1,59,12|8,毒|地,2,16,10000,1,1000,1000,7000,1000
3152,多啦多,2,59,12|8,毒|地,2,28,10000,1,1500,2000,5000,1500
3153,古啦多,3,59,12|8,毒|地,2,40,10000,1,2500,2500,3000,2000
3154,裘洛,1,60,12,毒,2,24,10000,1,1000,1000,7000,1000
3155,裘力,2,60,12,毒,2,42,10000,1,1500,2000,5000,1500
3156,裘卡,3,60,12,毒,2,60,10000,1,2500,2500,3000,2000
3157,花魁蜂后,3,26,13|15,虫|翼,2,40,10000,1,2500,2500,3000,2000
3158,武斗酷猫,4,,3,草,2,,10000,1,,,10000,
3159,紫蔓宝宝,1,41,3,草,3,,10000,1,,,10000,
3160,紫蔓祭祀,2,41,3,草,3,,10000,1,,,10000,
3161,春团,1,61,3,草,2,16,10000,1,1000,1000,7000,1000
3162,春兔,2,61,3,草,2,28,10000,1,1500,2000,5000,1500
3165,伏地兽,1,62,2,普通,2,24,10000,1,1000,1000,7000,1000
3166,贪食鼹,2,62,2,普通,2,42,10000,1,1500,2000,5000,1500
3167,巨噬针鼹,3,62,2,普通,2,60,10000,1,2500,2500,3000,2000
3168,阿布,1,63,2,普通,3,,10000,1,,,10000,
3169,超能阿布,2,63,10,龙,3,,10000,1,,,10000,
3170,石石,1,64,8,地,2,24,10000,1,1000,1000,7000,1000
3171,巨灵石,2,64,8|17,地|幽,2,60,10000,1,2500,2500,3000,2000
3172,雪豆丁,1,65,9,冰,2,16,10000,1,1000,1000,7000,1000
3173,雪蛮人,2,65,9,冰,2,28,10000,1,1500,2000,5000,1500
3174,雪巨人,3,65,9,冰,2,40,10000,1,2500,2500,3000,2000
3175,咔咔羽毛,1,66,15|2,翼|普通,2,24,10000,1,1000,1000,7000,1000
3176,咔咔雀,2,66,15|2,翼|普通,2,42,10000,1,1500,2000,5000,1500
3177,咔咔鸟,3,66,15|2,翼|普通,2,60,10000,1,2500,2500,3000,2000
3178,矮脚爬爬,1,67,13,虫,2,24,10000,1,1000,1000,7000,1000
3179,恶魔红钻,2,67,13|18,虫|恶,2,60,10000,1,2500,2500,3000,2000
3180,小帕尔,1,68,18,恶,2,80,10000,1,,,,10000
3181,帕尔萨斯,2,68,18,恶,2,80,10000,1,,,,10000
3182,龙息帕尔,3,68,18,恶,2,80,10000,1,,,,10000
3183,瑰眼仔,1,69,18|13,恶|虫,2,,10000,1,,,10000,
3184,耳翎瑰魅,2,69,18|13,恶|虫,2,,10000,1,,,10000,
3185,邪眼巨魔,3,69,18|13,恶|虫,2,,10000,1,,,10000,
3186,小光,1,70,18,恶,3,,10000,1,,,10000,
3187,迷迷眼,1,71,17|20,幽|幻,2,,10000,1,,,10000,
3188,拉特,1,72,11,电,2,24,10000,1,1000,1000,7000,1000
3189,酷拉,2,72,11,电,2,60,10000,1,2500,2500,3000,2000
3190,电咩咩,1,73,11,电,2,24,10000,1,1000,1000,7000,1000
3191,粉咩咩,2,73,11,电,2,42,10000,1,1500,2000,5000,1500
3192,电球咩咩,3,73,11,电,2,60,10000,1,2500,2500,3000,2000
3193,小星光,1,74,11,电,2,42,10000,1,1500,2000,5000,1500
3194,星光狮,2,74,11,电,2,60,10000,1,2500,2500,3000,2000
3195,闪电环,1,75,11,电,2,24,10000,1,1000,1000,7000,1000
3196,刺电环,2,75,11,电,2,42,10000,1,1500,2000,5000,1500
3197,荆棘电环,3,75,11,电,2,60,10000,1,2500,2500,3000,2000
3198,粉粉星,1,76,11|20,电|幻,2,24,10000,1,1000,1000,7000,1000
3199,小皮球,2,76,11|20,电|幻,2,42,10000,1,1500,2000,5000,1500
3200,机械方方,1,77,19,机械,2,24,10000,1,1000,1000,7000,1000
3201,多彩方方,2,77,19,机械,2,42,10000,1,1500,2000,5000,1500
3202,立方人,3,77,19,机械,2,60,10000,1,2500,2500,3000,2000
3203,贝瑟,1,78,19|4,机械|火,2,16,10000,1,1000,1000,7000,1000
3204,贝加尔,2,78,19|4,机械|火,2,28,10000,1,1500,2000,5000,1500
3205,贝古斯,3,78,19|4,机械|火,2,40,10000,1,2500,2500,3000,2000
3206,多西,1,79,19|8,机械|地,2,32,10000,1,1000,1000,7000,1000
3207,库多西,2,79,19|8,机械|地,2,56,10000,1,1500,2000,5000,1500
3208,波多西,3,79,19|8,机械|地,2,80,10000,1,2500,2500,3000,2000
3209,小翼龙,1,80,10|15,龙|翼,2,24,10000,1,1000,1000,7000,1000
3210,翼龙,2,80,10|15,龙|翼,2,60,10000,1,2500,2500,3000,2000
3211,伊雷龙,1,81,10,龙,2,24,10000,1,1000,1000,7000,1000
3213,黑炎宝宝,1,82,10|18,龙|恶,2,,10000,1,,,10000,
3214,黑炎,2,82,10|18,龙|恶,2,,10000,1,,,10000,
3215,海豹战士,1,83,14|5,武|水,2,28,10000,1,1500,2000,5000,1500
3216,海豹船长,2,83,14|5,武|水,2,40,10000,1,2500,2500,3000,2000
3217,呼拉猫,1,84,14,武,2,,10000,1,,,10000,
3218,增肌猫,2,84,14,武,2,,10000,1,,,10000,
3219,健猫教练,3,84,14,武,2,,10000,1,,,10000,
3225,古钟蛇,1,85,16|12,萌|毒,2,24,10000,1,1000,1000,7000,1000
3226,寒音蛇,2,85,16|12,萌|毒,2,60,10000,1,2500,2500,3000,2000
3227,菊花梨,1,86,16,萌,2,56,10000,1,1500,2000,5000,1500
3228,友爱天天,1,87,16,萌,2,,10000,1,,,10000,
3229,友爱星飞,2,87,16,萌,2,,10000,1,,,10000,
3230,加灵,1,88,2,普通,3,,10000,1,,,10000,
3231,加益,2,88,2,普通,3,,10000,1,,,10000,
3232,加尔,3,88,2,普通,3,,10000,1,,,10000,
3233,加尔,3,,17,幽,3,,10000,1,,,10000,
3234,牵线木偶,1,89,20,幻,2,,10000,1,,,10000,
3235,帅帅魔偶,2,89,20,幻,2,,10000,1,,,10000,
3236,超能球球,1,90,20|16,幻|萌,2,,10000,1,,,10000,
3237,小怂猫,1,91,14,武,2,16,10000,1,1000,1000,7000,1000
3238,怒目怂猫,2,91,14,武,2,40,10000,1,2500,2500,3000,2000
3239,哭哭菇,1,92,20,幻,2,16,10000,1,1000,1000,7000,1000
3240,怖须菇,2,92,20,幻,2,28,10000,1,1500,2000,5000,1500
3241,怖哭菇,3,92,20,幻,2,40,10000,1,2500,2500,3000,2000
3242,呆火鸟,1,93,4|8,火|地,2,,10000,1,,,10000,
3243,喷火鸟,2,93,4|8,火|地,2,,10000,1,,,10000,
3244,绒绒,1,94,6|13,光|虫,2,32,10000,1,1000,1000,7000,1000
3245,小绒茧,2,94,6|13,光|虫,2,56,10000,1,1500,2000,5000,1500
3246,绒仙子,3,94,6|13,光|虫,2,80,10000,1,2500,2500,3000,2000
3248,绿洲象,1,95,3,草,2,,10000,1,,,10000,
3249,流星猛犸,2,95,3,草,2,,10000,1,,,10000,
3250,小鹬,1,96,15,翼,2,24,10000,1,1000,1000,7000,1000
3251,鄙目鹬,2,96,15,翼,2,42,10000,1,1500,2000,5000,1500
3252,高脚鹬,3,96,15,翼,2,60,10000,1,2500,2500,3000,2000
3253,速粒小子,1,97,18|14,恶|武,2,,10000,1,,,10000,
3254,速粒冲锋,2,97,18|14,恶|武,2,,10000,1,,,10000,
3255,奔波鼠,1,98,8,地,2,32,10000,1,1000,1000,7000,1000
3256,流浪鼠,2,98,8,地,2,56,10000,1,1500,2000,5000,1500
3257,布鲁斯,1,99,9,冰,2,32,10000,1,1000,1000,7000,1000
3258,雪顶布鲁斯,2,99,9,冰,2,56,10000,1,1500,2000,5000,1500
3259,冰钻布鲁斯,3,99,9,冰,2,80,10000,1,2500,2500,3000,2000
3260,古拉海象,1,100,9,冰,2,,10000,1,,,10000,
3261,大古拉海象,2,100,9,冰,2,,10000,1,,,10000,
3262,呼呼猪,1,101,9|8,冰|地,2,24,10000,1,1000,1000,7000,1000
3263,獠牙猪,2,101,9|8,冰|地,2,60,10000,1,2500,2500,3000,2000
3264,卡波,1,102,18,恶,2,,10000,1,,,10000,
3265,卡拉波斯,2,102,18,恶,2,,10000,1,,,10000,
3266,胆小鳗鱼,1,103,11|5,电|水,2,24,10000,1,1000,1000,7000,1000
3267,闪电鳗鱼,2,103,11|5,电|水,2,60,10000,1,2500,2500,3000,2000
3268,大头骨龙,1,104,10|17,龙|幽,2,32,10000,1,1000,1000,7000,1000
3269,寂灭骨龙,2,104,10|17,龙|幽,2,80,10000,1,2500,2500,3000,2000
3276,绿翼鸟,1,108,16|15,萌|翼,2,24,10000,1,1000,1000,7000,1000
3277,魔翼鸟,2,108,16|15,萌|翼,2,42,10000,1,1500,2000,5000,1500
3278,魔眷鸟,3,108,16|15,萌|翼,2,60,10000,1,2500,2500,3000,2000
3279,雪绒鸟,1,109,15,翼,2,16,10000,1,1000,1000,7000,1000
3280,雪绒鸟,1,110,15,翼,2,16,10000,1,1000,1000,7000,1000
3281,雪绒鸟,1,111,15,翼,2,16,10000,1,1000,1000,7000,1000
3282,冬羽雀,2,109,15,翼,2,16,10000,1,1000,1000,7000,1000
3283,冬羽雀,2,110,15,翼,2,16,10000,1,1000,1000,7000,1000
3284,冬羽雀,2,111,15,翼,2,16,10000,1,1000,1000,7000,1000
3285,岚鸟,3,109,15,翼,2,40,10000,1,2500,2500,3000,2000
3286,岚鸟,3,110,15,翼,2,40,10000,1,2500,2500,3000,2000
3287,岚鸟,3,111,15,翼,2,40,10000,1,2500,2500,3000,2000
3288,丢丢,1,112,3|4,草|火,2,16,10000,1,1000,1000,7000,1000
3289,丢丢,1,113,3|8,草|地,2,16,10000,1,1000,1000,7000,1000
3290,丢丢,1,114,3|9,草|冰,2,16,10000,1,1000,1000,7000,1000
3291,卡卡虫,2,112,3|4,草|火,2,28,10000,1,1500,2000,5000,1500
3292,卡卡虫,2,113,3|8,草|地,2,28,10000,1,1500,2000,5000,1500
3293,卡卡虫,2,114,3|9,草|冰,2,28,10000,1,1500,2000,5000,1500
3294,卡瓦重,3,112,3|4,草|火,2,40,10000,1,2500,2500,3000,2000
3295,卡瓦重,3,113,3|8,草|地,2,40,10000,1,2500,2500,3000,2000
3296,卡瓦重,3,114,3|9,草|冰,2,40,10000,1,2500,2500,3000,2000
3297,蹦蹦种子,1,115,3|12,草|毒,2,24,10000,1,1000,1000,7000,1000
3298,蹦蹦种子,1,116,3|12,草|毒,2,24,10000,1,1000,1000,7000,1000
3299,蹦蹦种子,1,117,3|12,草|毒,2,24,10000,1,1000,1000,7000,1000
3300,蹦蹦草,2,115,3|12,草|毒,2,42,10000,1,1500,2000,5000,1500
3301,蹦蹦草,2,116,3|12,草|毒,2,42,10000,1,1500,2000,5000,1500
3302,蹦蹦草,2,117,3|12,草|毒,2,42,10000,1,1500,2000,5000,1500
3303,蹦蹦花,3,115,3|12,草|毒,2,60,10000,1,2500,2500,3000,2000
3304,蹦蹦花,3,116,3|12,草|毒,2,60,10000,1,2500,2500,3000,2000
3305,蹦蹦花,3,117,3|12,草|毒,2,60,10000,1,2500,2500,3000,2000
3307,矿晶虫,1,218|205|118|202|203|204,6|8,光|地,2,16,10000,1,1000,1000,7000,1000
3308,晶石蜗,2,118,6|8,光|地,2,28,10000,1,1500,2000,5000,1500
3309,犀角鸟,1,119,6,光,2,32,10000,1,1000,1000,7000,1000
3310,光纤兽,2,119,6,光,2,56,10000,1,1500,2000,5000,1500
3311,疾光千兽,3,119,6,光,2,80,10000,1,2500,2500,3000,2000
3312,若叶蜥,1,,3,草,2,,10000,1,,,10000,
3313,立叶蜥,2,,3,草,2,,10000,1,,,10000,
3314,蝶叶巨蜥,3,,3,草,2,,10000,1,,,10000,
3315,小鼠獭,1,120,2|5,普通|水,2,16,10000,1,1000,1000,7000,1000
3316,燕尾獭,2,120,2|5,普通|水,2,28,10000,1,1500,2000,5000,1500
3317,卷胡巨獭,3,120,2|5,普通|水,2,40,10000,1,2500,2500,3000,2000
3319,粉星仔,1,121|242,20,幻,2,32,10000,1,1000,1000,7000,1000
3320,粉耳星兔,2,121,20,幻,2,80,10000,1,2500,2500,3000,2000
3321,觅觅蝠,1,122,15,翼,2,,10000,1,,,10000,
3322,翻翻蝠,2,122,15,翼,2,,10000,1,,,10000,
3323,夜游魔,3,122,15|18,翼|恶,2,,10000,1,,,10000,
3327,独角龙,1,,8,地,2,,10000,1,,,10000,
3328,坚角龙,2,,8,地,2,,10000,1,,,10000,
3329,爆角龙,3,,8,地,2,,10000,1,,,10000,
3330,海盔虫,1,123,5|12,水|毒,2,16,10000,1,1000,1000,7000,1000
3331,刺盔虫,2,123,5|12,水|毒,2,28,10000,1,1500,2000,5000,1500
3332,千棘盔,3,123,5|12,水|毒,2,40,10000,1,2500,2500,3000,2000
3333,雪娃娃,1,124,9,冰,2,24,10000,1,1000,1000,7000,1000
3334,冰封怨灵,2,124,9,冰,2,42,10000,1,1500,2000,5000,1500
3335,雪灵,3,124,9,冰,2,60,10000,1,2500,2500,3000,2000
3336,格格布,1,,9,冰,2,,10000,1,,,10000,
3337,格布布,2,,9,冰,2,,10000,1,,,10000,
3338,冰虎宝,1,,9,冰,2,,10000,1,,,10000,
3339,冰晶虎,2,,9,冰,2,,10000,1,,,10000,
3340,古齿帝牙,3,,9,冰,2,,10000,1,,,10000,
3341,雪灵兽,1,,9,冰,2,,10000,1,,,10000,
3342,幻雪兽,2,,9,冰,2,,10000,1,,,10000,
3343,饮雪狂兽,3,,9,冰,2,,10000,1,,,10000,
3344,乖乖鹄,1,125|233,15|5,翼|水,2,16,10000,1,1000,1000,7000,1000
3345,蓝珠天鹅,2,125|233,15|5,翼|水,2,28,10000,1,1500,2000,5000,1500
3346,翠顶夫人,3,125,15|5,翼|水,2,40,10000,1,2500,2500,3000,2000
3347,芽眼魔,1,,18|5,恶|水,2,,10000,1,,,10000,
3348,叶眼魔,2,,18|5,恶|水,2,,10000,1,,,10000,
3349,障眼魔,3,,18|5,恶|水,2,,10000,1,,,10000,
3350,红绒十字,3,36,4|16,火|萌,2,60,10000,1,2500,2500,3000,2000
3351,霹雳宝宝,1,127,11,电,2,,10000,1,,,10000,
3352,雷鸣小子,2,127,11,电,2,,10000,1,,,10000,
3353,雷暴奔奔,3,,11,电,2,,10000,1,,,10000,
3354,钻地小子,1,171,11|19,电|机械,2,,10000,1,,,10000,
3355,闪电小子,2,171,11|19,电|机械,2,,10000,1,,,10000,
3356,魔能陀螺,3,171,11|19,电|机械,2,,10000,1,,,10000,
3357,电动长颈鹿,1,128,11,电,2,24,10000,1,1000,1000,7000,1000
3358,奔乐鹿,2,128,11,电,2,42,10000,1,1500,2000,5000,1500
3359,爵士鹿,3,128,11,电,2,60,10000,1,2500,2500,3000,2000
3360,蝴蝶陶陶,1,310,16,萌,2,,10000,1,,,10000,
3361,铆钉毛毛,2,310,16,萌,2,,10000,1,,,10000,
3362,徘徊爪爪,3,310,16,萌,2,,10000,1,,,10000,
3363,路路,1,,12,毒,2,,10000,1,,,10000,
3364,路路尼,1,129,12,毒,2,,10000,1,,,10000,
3365,古路尼,3,,12|8,毒|地,2,,10000,1,,,10000,
3367,嘟嘟煲,1,130,12,毒,2,32,10000,1,1000,1000,7000,1000
3368,嘟嘟锅,2,130,12,毒,2,56,10000,1,1500,2000,5000,1500
3369,幽星光,1,179,20,幻,2,16,10000,1,1000,1000,7000,1000
3370,曜星光,2,179,20|15,幻|翼,2,28,10000,1,1500,2000,5000,1500
3371,暮星辰,3,179,20|15,幻|翼,2,40,10000,1,2500,2500,3000,2000
3372,春花兔,3,61,3,草,2,40,10000,1,2500,2500,3000,2000
3373,逗逗,1,131,16,萌,2,24,10000,1,1000,1000,7000,1000
3374,气球猫,2,131,16,萌,2,42,10000,1,1500,2000,5000,1500
3375,梦想三三,3,131,16,萌,2,60,10000,1,2500,2500,3000,2000
3376,旋叶虫,1,132,2|13,普通|虫,2,16,10000,1,1000,1000,7000,1000
3377,风滚暮虫,3,132,2|13,普通|虫,2,40,10000,1,2500,2500,3000,2000
3378,菇菇丁,1,133,8|3,地|草,2,16,10000,1,1000,1000,7000,1000
3379,多菇丁,2,133,8|3,地|草,2,28,10000,1,1500,2000,5000,1500
3380,九幽菇,3,133,8|3,地|草,2,40,10000,1,2500,2500,3000,2000
3381,深蓝鲸,1,134,5,水,2,60,10000,1,2500,2500,3000,2000
3382,双灯鱼,1,135,5|11,水|电,2,16,10000,1,1000,1000,7000,1000
3383,利灯鱼,2,135,5|11,水|电,2,40,10000,1,2500,2500,3000,2000
3384,豆丁鱼,1,136,5|10,水|龙,2,24,10000,1,1000,1000,7000,1000
3385,快鳍鱼,2,136,5|10,水|龙,2,42,10000,1,1500,2000,5000,1500
3386,龙鱼,3,136,5|10,水|龙,2,60,10000,1,2500,2500,3000,2000
3387,科多多,1,137,9|8,冰|地,2,,10000,1,,,10000,
3388,科多索,2,137,9|8,冰|地,2,,10000,1,,,10000,
3392,凡雀,1,138,15,翼,2,,10000,1,,,10000,
3393,紫翎鹰,2,138,15,翼,2,,10000,1,,,10000,
3394,凡鹰,3,138,15,翼,2,,10000,1,,,10000,
3395,里奥,1,139,15,翼,2,80,10000,1,,,,10000
3396,灵羽勇士,2,139,15,翼,2,80,10000,1,,,,10000
3397,圣羽翼王,3,139,15,翼,2,80,10000,1,,,,10000
3398,星尘虫,1,140,13,虫,2,32,10000,1,1000,1000,7000,1000
3399,落星虫,2,140,13,虫,2,56,10000,1,1500,2000,5000,1500
3400,陨星虫,3,140,13,虫,2,80,10000,1,2500,2500,3000,2000
3401,伊里斯,1,141,6,光,2,,10000,1,,,10000,
3402,碎晶蝎,1,142,18|8,恶|地,2,,10000,1,,,10000,
3403,晶尾蝎,1,142,18|8,恶|地,2,,10000,1,,,10000,
3404,蝎子王,2,142,18|8,恶|地,2,,10000,1,,,10000,
3405,幽冥眼,3,27,17,幽,2,40,10000,1,2500,2500,3000,2000
3406,缇塔,1,143,19,机械,2,24,10000,1,1000,1000,7000,1000
3407,声波缇塔,2,143,19,机械,2,42,10000,1,1500,2000,5000,1500
3408,齿轮小子,1,144,19,机械,2,,10000,1,,,10000,
3409,机甲小子,2,144,19,机械,2,,10000,1,,,10000,
3410,权杖-Ⅱ,1,145,19,机械,2,24,10000,1,1000,1000,7000,1000
3411,权杖-V,2,145,19,机械,2,60,10000,1,2500,2500,3000,2000
3412,伊兰亚龙,2,81,10,龙,2,60,10000,1,2500,2500,3000,2000
3416,格斗小五,1,146,14,武,2,,10000,1,,,10000,
3417,格斗小六,1,147,14,武,2,,10000,1,,,10000,
3418,格斗小八,1,148,14,武,2,,10000,1,,,10000,
3419,厉毒小萝,1,149,12|18,毒|恶,2,24,10000,1,1000,1000,7000,1000
3420,厉毒修萝,2,149,12|18,毒|恶,2,60,10000,1,2500,2500,3000,2000
3421,破梦者,1,150,20,幻,2,,10000,1,,,10000,
3422,食梦者,2,150,20,幻,2,,10000,1,,,10000,
3423,空灵兽,1,151,3,草,2,,10000,1,,,10000,
3424,空灵斗士,2,151,3,草,2,,10000,1,,,10000,
3425,三叶草龙,1,152,3|10,草|龙,2,,10000,1,,,10000,
3426,花叶龙,2,152,3|10,草|龙,2,,10000,1,,,10000,
3427,麦香驼,1,153,2,普通,2,,10000,1,,,10000,
3428,臭臭锥,1,154,8|4,地|火,2,,10000,1,,,10000,
3429,埃欧熔锥,2,154,8|4,地|火,2,,10000,1,,,10000,
3430,海枝枝,1,155,5|17,水|幽,2,28,10000,1,1500,2000,5000,1500
3431,海枝枝,1,156,5|17,水|幽,2,28,10000,1,1500,2000,5000,1500
3432,海枝枝,1,157,5|17,水|幽,2,28,10000,1,1500,2000,5000,1500
3433,海枝枝,1,158,5|17,水|幽,2,28,10000,1,1500,2000,5000,1500
3434,小电企鹅,1,159,9|11,冰|电,2,32,10000,1,1000,1000,7000,1000
3435,电企鹅,2,159,9|11,冰|电,2,80,10000,1,2500,2500,3000,2000
3436,柴渣虫,1,160,4|3,火|草,2,16,10000,1,1000,1000,7000,1000
3437,燃薪虫,2,160,4|3,火|草,2,28,10000,1,1500,2000,5000,1500
3438,梦游,1,161,17,幽,2,24,10000,1,1000,1000,7000,1000
3439,梦悠悠,2,161,17,幽,2,60,10000,1,2500,2500,3000,2000
3440,梦游,1,162,17|6,幽|光,2,24,10000,1,1000,1000,7000,1000
3441,梦悠悠,2,162,17|6,幽|光,2,60,10000,1,2500,2500,3000,2000
3442,小星光,1,163,11|6,电|光,2,42,10000,1,1500,2000,5000,1500
3443,星光狮,2,163,11|6,电|光,2,60,10000,1,2500,2500,3000,2000
3444,噼啪鸟,1,164,11|15,电|翼,2,60,10000,1,2500,2500,3000,2000
3445,雪毛角羚牛,1,165,9|8,冰|地,2,,10000,1,,,10000,
3446,雪毛角羚牛,1,166,9|8,冰|地,2,,10000,1,,,10000,
3447,雪毛角羚牛,1,167,9|8,冰|地,2,,10000,1,,,10000,
3448,晶石蜗,2,202,6|8,光|地,2,28,10000,1,1500,2000,5000,1500
3449,晶石蜗,2,203,6|8,光|地,2,28,10000,1,1500,2000,5000,1500
3450,晶石蜗,2,204,6|8,光|地,2,28,10000,1,1500,2000,5000,1500
3451,晶石蜗,2,205,6|8,光|地,2,28,10000,1,1500,2000,5000,1500
3452,鸭吉吉,1,176,2,普通,2,16,10000,1,1000,1000,7000,1000
3453,鸭吉吉,1,177,2,普通,2,16,10000,1,1000,1000,7000,1000
3454,地鼠,1,173,8,地,2,16,10000,1,1000,1000,7000,1000
3455,遁鼠,2,173,8,地,2,28,10000,1,1500,2000,5000,1500
3456,遁地鼠,3,173,8,地,2,40,10000,1,2500,2500,3000,2000
3457,月牙雪熊,1,169,9|20,冰|幻,2,60,10000,1,2500,2500,3000,2000
3458,圣代甜甜,3,206,9,冰,2,80,10000,1,2500,2500,3000,2000
3459,圣代甜甜,3,207,9,冰,2,80,10000,1,2500,2500,3000,2000
3460,圣代甜甜,3,208,9,冰,2,80,10000,1,2500,2500,3000,2000
3461,圣代甜甜,3,209,9,冰,2,80,10000,1,2500,2500,3000,2000
3462,圣代甜甜,3,210,9,冰,2,80,10000,1,2500,2500,3000,2000
3463,圣代甜甜,3,211,9,冰,2,80,10000,1,2500,2500,3000,2000
3464,圣代甜甜,3,212,9,冰,2,80,10000,1,2500,2500,3000,2000
3465,圣代甜甜,3,213,9,冰,2,80,10000,1,2500,2500,3000,2000
3466,星云旅者,1,170,15|20,翼|幻,2,,10000,1,,,10000,
3467,小狮鹫,1,174,15,翼,2,24,10000,1,1000,1000,7000,1000
3468,神圣狮鹫,2,174,15,翼,2,42,10000,1,1500,2000,5000,1500
3469,皇家狮鹫,3,174,15,翼,2,60,10000,1,2500,2500,3000,2000
3470,化蝶,3,214,13|16,虫|萌,2,60,10000,1,2500,2500,3000,2000
3471,化蝶,3,215,13|16,虫|萌,2,60,10000,1,2500,2500,3000,2000
3472,化蝶,3,216,13|16,虫|萌,2,60,10000,1,2500,2500,3000,2000
3473,布瓜蝌,1,172,20,幻,2,16,10000,1,1000,1000,7000,1000
3474,上岸蛙,2,172,20,幻,2,40,10000,1,2500,2500,3000,2000
3475,海盔虫,1,175,5|12,水|毒,2,16,10000,1,1000,1000,7000,1000
3476,刺盔虫,2,175,5|12,水|毒,2,28,10000,1,1500,2000,5000,1500
3477,千棘盔,3,175,5|12,水|毒,2,40,10000,1,2500,2500,3000,2000
3478,香草甜甜,2,211|212|213,9,冰,2,56,10000,1,1500,2000,5000,1500
3479,香草甜甜,2,208|209|210,9,冰,2,56,10000,1,1500,2000,5000,1500
3480,圣羽翼王,3,,15,翼,2,80,10000,1,,,,10000
3481,暗影灵面,2,217,17,幽,2,28,10000,1,1500,2000,5000,1500
3482,幽冥眼,3,217,17,幽,2,40,10000,1,2500,2500,3000,2000
3483,蓬叶虫,2,132,2|13,普通|虫,2,28,10000,1,1500,2000,5000,1500
3484,螺旋帕帕,1,180,19|15,机械|翼,2,24,10000,1,1000,1000,7000,1000
3485,落陨星兔,2,242,20|17,幻|幽,2,80,10000,1,2500,2500,3000,2000
3486,晶石蜗,2,218,6|8,光|地,2,28,10000,1,1500,2000,5000,1500
3487,小丑豆豆,1,306,18,恶,2,,10000,1,,,10000,
3488,小丑兔,2,306,18,恶,2,,10000,1,,,10000,
3489,小丑公爵,3,306,18,恶,2,,10000,1,,,10000,
3490,吸泥鸥,1,181,8|15,地|翼,2,24,10000,1,1000,1000,7000,1000
3491,泥吼牙,2,181,8|15,地|翼,2,60,10000,1,2500,2500,3000,2000
3492,兽花蕾,1,182,6|3,光|草,2,16,10000,1,1000,1000,7000,1000
3493,肥草球,1,,3,草,2,,10000,1,,,10000,
3494,赫拉,2,,3,草,2,,10000,1,,,10000,
3495,鸭吉吉,1,304,2,普通,2,16,10000,1,1000,1000,7000,1000
3496,旋叶虫,1,219,2|13,普通|虫,2,16,10000,1,1000,1000,7000,1000
3497,蓬叶虫,2,219,2|13,普通|虫,2,28,10000,1,1500,2000,5000,1500
3498,风滚暮虫,3,219,2|13,普通|虫,2,40,10000,1,2500,2500,3000,2000
3499,公平鸽,1,183,2,普通,2,56,10000,1,1500,2000,5000,1500
3500,石肤蜥,1,220,8,地,2,16,10000,1,1000,1000,7000,1000
3501,石刺蜥,2,220,8,地,2,28,10000,1,1500,2000,5000,1500
3502,石冠王蜥,3,220,8,地,2,40,10000,1,2500,2500,3000,2000
3503,线球鼠,1,,8,地,2,,10000,1,,,10000,
3504,慈母鼠,2,,8,地,2,,10000,1,,,10000,
3505,夜回犀牛,1,,8,地,2,,10000,1,,,10000,
3506,花怨鳗,1,184,8|3,地|草,2,28,10000,1,1500,2000,5000,1500
3507,鳗尾兽,2,184,8|3,地|草,2,40,10000,1,2500,2500,3000,2000
3508,波波螺,1,185,8|5,地|水,2,16,10000,1,1000,1000,7000,1000
3509,消波螺,2,185,8|5,地|水,2,28,10000,1,1500,2000,5000,1500
3510,嗜波螺,3,185,8|5,地|水,2,40,10000,1,2500,2500,3000,2000
3511,波波螺,1,302,8|5,地|水,2,16,10000,1,1000,1000,7000,1000
3512,消波螺,2,302,8|5,地|水,2,28,10000,1,1500,2000,5000,1500
3513,嗜波螺,3,302,8|5,地|水,2,40,10000,1,2500,2500,3000,2000
3514,圣水迪莫,2,,5,水,2,,10000,1,,,10000,
3515,圣火迪莫,2,,4,火,2,,10000,1,,,10000,
3516,板板壳,1,178,5,水,2,16,10000,1,1000,1000,7000,1000
3517,咔咔壳,2,178,5,水,2,28,10000,1,1500,2000,5000,1500
3518,水泡壳,3,178,5,水,2,40,10000,1,2500,2500,3000,2000
3519,海闪星,1,,5,水,2,,10000,1,,,10000,
3520,海魔星,2,,5,水,2,,10000,1,,,10000,
3521,里拉鳐,1,186,5,水,2,42,10000,1,1500,2000,5000,1500
3522,水星尾,1,187,5,水,2,,10000,1,,,10000,
3523,水星龙弦,2,187,5,水,2,,10000,1,,,10000,
3524,阿瓦鲨,1,,5,水,2,,10000,1,,,10000,
3525,阿瓦鲨,1,,5,水,2,,10000,1,,,10000,
3526,抹茶布丁,2,48,5|3,水|草,2,56,10000,1,1500,2000,5000,1500
3527,椰浆布丁,2,221,5|9,水|冰,2,56,10000,1,1500,2000,5000,1500
3528,熔岩布丁,2,222,5|4,水|火,2,56,10000,1,1500,2000,5000,1500
3529,号儿鱼,1,188,5,水,2,24,10000,1,1000,1000,7000,1000
3530,圆号鱼,2,188,5,水,2,42,10000,1,1500,2000,5000,1500
3531,小雪人,1,305,9,冰,2,,10000,1,,,10000,
3532,雪怪,2,305,9,冰,2,,10000,1,,,10000,
3533,雪绒鸟,1,16,15,翼,2,16,10000,1,1000,1000,7000,1000
3534,斑斑,1,189,15,翼,2,16,10000,1,1000,1000,7000,1000
3535,斑枭,2,189,15,翼,2,28,10000,1,1500,2000,5000,1500
3536,乌达,1,223,18|4,恶|火,2,24,10000,1,1000,1000,7000,1000
3537,迷你乌,2,223,18|4,恶|火,2,42,10000,1,1500,2000,5000,1500
3538,乌拉塔,3,223,18|4,恶|火,2,60,10000,1,2500,2500,3000,2000
3539,乌达,1,224,18|9,恶|冰,2,24,10000,1,1000,1000,7000,1000
3540,迷你乌,2,224,18|9,恶|冰,2,42,10000,1,1500,2000,5000,1500
3541,乌拉塔,3,224,18|9,恶|冰,2,60,10000,1,2500,2500,3000,2000
3542,未完虫,1,,17|13,幽|虫,2,,10000,1,,,10000,
3543,多灵,1,190,17,幽,2,32,10000,1,1000,1000,7000,1000
3544,多灵主,2,190,17,幽,2,80,10000,1,2500,2500,3000,2000
3545,圣剑侍从,1,191,19,机械,2,42,10000,1,1500,2000,5000,1500
3546,圣剑-X,2,191,19,机械,2,60,10000,1,2500,2500,3000,2000
3547,帕帕斯卡,2,180,19|15,机械|翼,2,42,10000,1,1500,2000,5000,1500
3548,小银翼龙,1,,19,机械,2,,10000,1,,,10000,
3549,银翼龙,2,,19,机械,2,,10000,1,,,10000,
3550,棋棋,1,225|226|227|228,14|8,武|地,2,16,10000,1,1000,1000,7000,1000
3551,棋骑士,2,225,14|8,武|地,2,40,10000,1,2500,2500,3000,2000
3552,棋绮后,2,226,14|8,武|地,2,40,10000,1,2500,2500,3000,2000
3553,棋齐垒,2,227,14|8,武|地,2,40,10000,1,2500,2500,3000,2000
3554,棋祈督,2,228,14|8,武|地,2,40,10000,1,2500,2500,3000,2000
3555,棋棋,1,229|230|231|232,14|8,武|地,2,16,10000,1,1000,1000,7000,1000
3556,棋骑士,2,229,14|8,武|地,2,40,10000,1,2500,2500,3000,2000
3557,棋绮后,2,230,14|8,武|地,2,40,10000,1,2500,2500,3000,2000
3558,棋齐垒,2,231,14|8,武|地,2,40,10000,1,2500,2500,3000,2000
3559,棋祈督,2,232,14|8,武|地,2,40,10000,1,2500,2500,3000,2000
3560,乌咩,1,,16,萌,2,,10000,1,,,10000,
3561,乌角驮驮,2,,16,萌,2,,10000,1,,,10000,
3562,堇楹苞,1,,12,毒,2,,10000,1,,,10000,
3563,蔓羽兽,2,,12,毒,2,,10000,1,,,10000,
3564,厉毒鸩兽,3,,12,毒,2,,10000,1,,,10000,
3565,栗鼠,1,192,12,毒,2,,10000,1,,,10000,
3566,壳栗丝鼠,2,192,12,毒,2,,10000,1,,,10000,
3567,落陨星兔,2,,20,幻,2,,10000,1,,,10000,
3568,小黑猫,1,193,2,普通,2,24,10000,1,1000,1000,7000,1000
3569,黑猫巫师,2,193,2,普通,2,42,10000,1,1500,2000,5000,1500
3570,河马巴斯,1,,2,普通,2,,10000,1,,,10000,
3571,黑羽夫人,3,233,15|18,翼|恶,2,40,10000,1,2500,2500,3000,2000
3572,爆焰仔,1,307,4|10,火|龙,2,,10000,1,,,10000,
3573,爆焰喷喷,2,307,4|10,火|龙,2,,10000,1,,,10000,
3574,热团团,1,,4,火,2,,10000,1,,,10000,
3575,焰米龙,1,,4,火,2,,10000,1,,,10000,
3576,圣凯布米龙,1,,4,火,2,,10000,1,,,10000,
3577,墨鱿士,1,308|309,17,幽,2,24,10000,1,1000,1000,7000,1000
3578,混乱鱿彩,2,308,17|18,幽|恶,2,60,10000,1,2500,2500,3000,2000
3579,秩序鱿墨,2,309,17|16,幽|萌,2,60,10000,1,2500,2500,3000,2000
3580,利刺毒蝎,1,,12,毒,2,,10000,1,,,10000,
3581,剧毒魔蝎,1,,12,毒,2,,10000,1,,,10000,
3582,刺轮砣,1,234,12|16,毒|萌,2,16,10000,1,1000,1000,7000,1000
3583,月亮砣,2,234,12|16,毒|萌,2,28,10000,1,1500,2000,5000,1500
3584,刺轮砣,1,235,12|16,毒|萌,2,16,10000,1,1000,1000,7000,1000
3585,月亮砣,2,235,12|16,毒|萌,2,28,10000,1,1500,2000,5000,1500
3586,梦残卷,1,,20,幻,2,,10000,1,,,10000,
3587,曲率龙卷,1,,20,幻,2,,10000,1,,,10000,
3588,曲率飞鱼,1,,20,幻,2,,10000,1,,,10000,
3589,玳龟,1,312,20,幻,2,,10000,1,,,10000,
3590,玳塔,1,312,20,幻,2,,10000,1,,,10000,
3591,十字蝌蚪,1,303,5,水,2,,10000,1,,,10000,
3592,十字蛙,2,303,5,水,2,,10000,1,,,10000,
3593,深渊蛙,3,303,5|14,水|武,2,,10000,1,,,10000,
3594,松仔,1,194,3|14,草|武,2,24,10000,1,1000,1000,7000,1000
3595,松叶羊,2,194,3|14,草|武,2,42,10000,1,1500,2000,5000,1500
3596,针叶巡林,3,194,3|14,草|武,2,60,10000,1,2500,2500,3000,2000
3597,水滴蛇,1,195,5|14,水|武,2,24,10000,1,1000,1000,7000,1000
3598,水蛇锁,2,195,5|14,水|武,2,42,10000,1,1500,2000,5000,1500
3599,游蛇魔使,3,195,5|14,水|武,2,60,10000,1,2500,2500,3000,2000
3600,小勇狮,1,196,4|14,火|武,2,24,10000,1,1000,1000,7000,1000
3601,炽焰狮,2,196,4|14,火|武,2,42,10000,1,1500,2000,5000,1500
3602,炽心勇狮,3,196,4|14,火|武,2,60,10000,1,2500,2500,3000,2000
3603,毛头小蛛,1,197,13|8,虫|地,2,24,10000,1,1000,1000,7000,1000
3604,捕尘长绒,2,197,13|8,虫|地,2,42,10000,1,1500,2000,5000,1500
3605,食尘短绒,2,244,13|8,虫|地,2,42,10000,1,1500,2000,5000,1500
3606,画精灵,1,236|237,2,普通,2,24,10000,1,1000,1000,7000,1000
3607,画像守护,2,236|237,2,普通,2,42,10000,1,1500,2000,5000,1500
3608,画间法师手,3,236,2|20,普通|幻,2,60,10000,1,2500,2500,3000,2000
3609,画间沉铁兽,3,237,2|14,普通|武,2,60,10000,1,2500,2500,3000,2000
3610,书魔虫,1,238|239,2,普通,2,24,10000,1,1000,1000,7000,1000
3611,书卷守护,2,238|239,2,普通,2,42,10000,1,1500,2000,5000,1500
3612,古卷执政官,3,238,2|20,普通|幻,2,60,10000,1,2500,2500,3000,2000
3613,古卷匣魔像,3,239,2|14,普通|武,2,60,10000,1,2500,2500,3000,2000
3614,嗜光嗡嗡,1,198,18|6,恶|光,2,16,10000,1,1000,1000,7000,1000
3615,窃光蚊,2,198,18|6,恶|光,2,28,10000,1,1500,2000,5000,1500
3616,不咕钟,1,199,19|20,机械|幻,2,,10000,1,,,10000,
3617,溯源钟,2,199,19|20,机械|幻,2,,10000,1,,,10000,
3618,小箱怪,1,200,19|20,机械|幻,2,56,10000,1,1500,2000,5000,1500
3619,迷迷箱怪,2,200,19|20,机械|幻,2,80,10000,1,2500,2500,3000,2000
3620,学院呱呱,1,240,14,武,2,80,10000,1,,,,10000
3621,古钟蛇,1,241,16|12,萌|毒,2,24,10000,1,1000,1000,7000,1000
3622,寒音蛇,2,241,16|12,萌|毒,2,60,10000,1,2500,2500,3000,2000
3623,噬影蚕,1,245,17|6,幽|光,3,,10000,1,,,10000,
3624,吞噬,2,245,17|6,幽|光,3,,10000,1,,,10000,
3625,小冥龙,1,246,17|10,幽|龙,3,,10000,1,,,10000,
3626,冥古龙,2,246,17|10,幽|龙,3,,10000,1,,,10000,
3627,矮核球,1,247,20,幻,3,,10000,1,,,10000,
3628,星脉兽,2,247,20,幻,3,,10000,1,,,10000,
3629,巡天幻星,3,247,20,幻,3,,10000,1,,,10000,
3630,地银链,1,250,8,地,2,,10000,1,,,10000,
3631,地银链,1,251,8,地,2,,10000,1,,,10000,
3632,地底银鳞,2,250|251,8,地,2,,10000,1,,,10000,
3633,荆伞兽,1,252,3|18,草|恶,2,,10000,1,,,10000,
3634,荆棘魔伞,2,252,3|18,草|恶,2,,10000,1,,,10000,
3635,蝶兰花,1,253,3|15,草|翼,2,,10000,1,,,10000,
3636,蝶兰花仙,2,253,3|15,草|翼,2,,10000,1,,,10000,
3637,桃花苞,1,254,3,草,2,,10000,1,,,10000,
3638,桃胖子,2,254,3,草,2,,10000,1,,,10000,
3639,桃花仙,3,254,3,草,2,,10000,1,,,10000,
3640,菌宝,1,255|256|257|258,2,普通,2,,10000,1,,,10000,
3641,竹笙仔,2,255,3,草,2,,10000,1,,,10000,
3642,鬼笔伯爵,3,255,3,草,2,,10000,1,,,10000,
3643,芝芝酥,2,256,8,地,2,,10000,1,,,10000,
3644,药尾灵螈,3,256,8,地,2,,10000,1,,,10000,
3645,三坛枞,2,257,14,武,2,,10000,1,,,10000,
3646,六月星菌,3,257,14,武,2,,10000,1,,,10000,
3647,小红侍,2,258,12,毒,2,,10000,1,,,10000,
3648,红膏女爵,3,258,12,毒,2,,10000,1,,,10000,
3649,鹿鸣笙,1,259,2,普通,2,,10000,1,,,10000,
3650,笙韵鹿灵,2,259,2,普通,2,,10000,1,,,10000,
3651,笔童,1,260,8,地,2,,10000,1,,,10000,
3652,笔仙,2,260,8,地,2,,10000,1,,,10000,
3653,笔圣,3,260,8,地,2,,10000,1,,,10000,
3654,好鳄椰,1,261,5|3,水|草,2,,10000,1,,,10000,
3655,超级鳄椰,2,261,5|3,水|草,2,,10000,1,,,10000,
3656,海豚宝,1,262,5,水,2,,10000,1,,,10000,
3657,泡泡豚,2,262,5,水,2,,10000,1,,,10000,
3658,海豚勇士,3,262,5,水,2,,10000,1,,,10000,
3659,加油海葵,1,263,5|16,水|萌,2,,10000,1,,,10000,
3660,加油蟹,2,263,5|16,水|萌,2,,10000,1,,,10000,
3661,脆鸣鸟,1,264,15,翼,2,,10000,1,,,10000,
3662,警卫鸟,2,264,15,翼,2,,10000,1,,,10000,
3663,量风碗,1,265,15|19,翼|机械,2,,10000,1,,,10000,
3664,测风蝉,2,265,15|19,翼|机械,2,,10000,1,,,10000,
3665,丁丁猫,1,266,15|17,翼|幽,2,,10000,1,,,10000,
3666,猫山咪钥,2,266,15|17,翼|幽,2,,10000,1,,,10000,
3667,仙羽,1,267,15,翼,2,,10000,1,,,10000,
3668,一点红,2,267,15,翼,2,,10000,1,,,10000,
3669,念珠鹤,3,267,15,翼,2,,10000,1,,,10000,
3670,蛐曲儿,1,268|269,13,虫,2,,10000,1,,,10000,
3671,长翎将军,2,268,13|14,虫|武,2,,10000,1,,,10000,
3672,曲鸣大将,2,269,13|14,虫|武,2,,10000,1,,,10000,
3673,荆棘笼,1,270,18,恶,2,,10000,1,,,10000,
3674,惩戒巨笼,2,270,18,恶,2,,10000,1,,,10000,
3675,守夜烛,1,271,4|6,火|光,2,,10000,1,,,10000,
3676,流明坎德拉,2,271,4|6,火|光,2,,10000,1,,,10000,
3677,烟花团,1,272,4|12,火|毒,2,,10000,1,,,10000,
3678,烟花伯爵,2,272,4|12,火|毒,2,,10000,1,,,10000,
3679,蒸汽胖胖,1,273,4|5,火|水,2,,10000,1,,,10000,
3680,蒸汽胖可,2,273,4|5,火|水,2,,10000,1,,,10000,
3681,剪影影,1,274,17,幽,2,,10000,1,,,10000,
3682,影子剪纸,2,274,17,幽,2,,10000,1,,,10000,
3683,咕咕帽,1,275,17,幽,2,,10000,1,,,10000,
3684,咕德帽帽,2,275,17,幽,2,,10000,1,,,10000,
3685,幽冥狐,1,276,17,幽,2,,10000,1,,,10000,
3686,魅惑狐仙,2,276,17,幽,2,,10000,1,,,10000,
3687,丹凤蓝狐,3,276,17,幽,2,,10000,1,,,10000,
3688,蔷薇茧,1,277,14,武,2,,10000,1,,,10000,
3689,具足秘剑,2,277,14,武,2,,10000,1,,,10000,
3690,问卜兽,1,278,14,武,2,,10000,1,,,10000,
3691,卜甲梦龟,2,278,14,武,2,,10000,1,,,10000,
3692,梦杯,1,279,16,萌,2,,10000,1,,,10000,
3693,长生梦兽,2,279,16,萌,2,,10000,1,,,10000,
3694,毛线虫,1,280|281,16,萌,2,,10000,1,,,10000,
3695,梭织团团,2,280,16|8,萌|地,2,,10000,1,,,10000,
3696,针织哼哼,2,281,16|14,萌|武,2,,10000,1,,,10000,
3697,稻草人,1,282,16|14,萌|武,2,,10000,1,,,10000,
3698,稻草守护者,2,282,16|14,萌|武,2,,10000,1,,,10000,
3699,不香芋,1,283|284,12|3,毒|草,2,,10000,1,,,10000,
3700,去污香芋,2,283,12|3,毒|草,2,,10000,1,,,10000,
3701,嗜污香芋,2,284,12|3,毒|草,2,,10000,1,,,10000,
3702,啄疫鸟,1,285,12|15,毒|翼,2,,10000,1,,,10000,
3703,瘟疫医鸟,2,285,12|15,毒|翼,2,,10000,1,,,10000,
3704,优优,1,286,8|6,地|光,2,24,10000,1,1000,1000,7000,1000
3705,绒光优优,2,286,8|6,地|光,2,60,10000,1,2500,2500,3000,2000
3706,蜜果骸,1,287,17|3,幽|草,2,,10000,1,,,10000,
3707,半朽蜜果灵,2,287,17|3,幽|草,2,,10000,1,,,10000,
3708,小鼓象,1,288,19,机械,2,,10000,1,,,10000,
3709,巨鼓象,2,288,19,机械,2,,10000,1,,,10000,
3710,咬咬小子,1,289,19,机械,2,,10000,1,,,10000,
3711,胡桃王子,2,289,19,机械,2,,10000,1,,,10000,
3712,封印守卫,1,290,10,龙,2,,10000,1,,,10000,
3713,封印使者,2,290,10,龙,2,,10000,1,,,10000,
3714,上古战龙,3,290,10,龙,2,,10000,1,,,10000,
3715,格斗小七,1,291,14,武,2,,10000,1,,,10000,
3716,糖串串,1,292,16,萌,2,,10000,1,,,10000,
3717,可烤汪,2,292,16,萌,2,,10000,1,,,10000,
3718,足尖元件,1,293,20|19,幻|机械,2,,10000,1,,,10000,
3719,离心舞者,2,293,20|19,幻|机械,2,,10000,1,,,10000,
3720,松仔,1,299,3|14,草|武,2,24,10000,1,1000,1000,7000,1000
3721,松叶羊,2,299,3|14,草|武,2,42,10000,1,1500,2000,5000,1500
3722,针叶巡林,3,299,3|14,草|武,2,60,10000,1,2500,2500,3000,2000
3723,水滴蛇,1,300,5|14,水|武,2,24,10000,1,1000,1000,7000,1000
3724,水蛇锁,2,300,5|14,水|武,2,42,10000,1,1500,2000,5000,1500
3725,游蛇魔使,3,300,5|14,水|武,2,60,10000,1,2500,2500,3000,2000
3726,小勇狮,1,301,4|14,火|武,2,24,10000,1,1000,1000,7000,1000
3727,炽焰狮,2,301,4|14,火|武,2,42,10000,1,1500,2000,5000,1500
3728,炽心勇狮,3,301,4|14,火|武,2,60,10000,1,2500,2500,3000,2000
3729,猴唛仔,1,294,2|19,普通|机械,2,,10000,1,,,10000,
3730,音碟吼,2,294,2|19,普通|机械,2,,10000,1,,,10000,
3731,骨朵鸟,1,295,15|12,翼|毒,2,,10000,1,,,10000,
3732,紫花雀,2,295,15|12,翼|毒,2,,10000,1,,,10000,
3733,钨丝贝贝,1,296,19,机械,2,,10000,1,,,10000,
3734,辉光幕机,2,296,19,机械,2,,10000,1,,,10000,
3735,机墓方舟,3,296,19,机械,2,,10000,1,,,10000,
3736,炫光迪迪,1,297,20|11,幻|电,2,,10000,1,,,10000,
3737,​​霹雳迪迪,2,297,20|11,幻|电,2,,10000,1,,,10000,
3738,小怂猫,1,298,14,武,2,16,10000,1,1000,1000,7000,1000
3739,怒目怂猫,2,298,14,武,2,40,10000,1,2500,2500,3000,2000
3740,方方狐,1,299,2,普通,2,16,10000,1,1000,1000,7000,1000
3741,狐脸擦擦,2,299,2,普通,2,28,10000,1,1500,2000,5000,1500
3742,鸭吉吉,1,311,2,普通,2,16,10000,1,1000,1000,7000,1000
3743,加油蟹,2,263,5|16,水|萌,2,,10000,1,,,10000,
3744,火红尾,1,313,4,火,2,24,10000,1,1000,1000,7000,1000
3745,雅丹鬃,2,313,4,火,2,60,10000,1,2500,2500,3000,2000
3746,雪影娃娃·春日,1,49,9|3,冰|草,2,60,10000,1,2500,2500,3000,2000
4005,圣水守护,3,,5,水,2,60,,,300,400,300,225
4006,烈火战神,3,,4,火,2,60,,,300,400,300,225
4007,叶冕魔力猫,3,,3,草,2,60,,,300,400,300,225
4011,恶魔狼王,1,,18,恶,2,20,,,300,400,300,225
4012,鸭吉吉国王,1,,2,普通,2,20,,,300,400,300,225
4019,蹦蹦果,3,,3|12,草|毒,3,60,,,300,400,300,225
4020,千棘海针,3,,5|12,水|毒,3,60,,,300,400,300,225
4021,女王蜂,3,,13|15,虫|翼,3,60,,,300,400,300,225
4022,奇丽果,3,,3,草,3,60,,,300,400,300,225
4050,首领-记忆石,1,,8,地,2,20,,,300,400,300,225
4064,幻影荆棘,1,,17|3,幽|草,2,20,,,300,400,300,225
4069,首领-锤头鹳,1,,15|5,翼|水,2,20,,,300,400,300,225
4070,首领-火羽,3,,4|15,火|翼,2,60,,,300,400,300,225
4071,首领-蒲公英,2,,3|16,草|萌,2,40,,,300,400,300,225
4072,迷嶂布莱克,3,,8,地,2,60,,,300,400,300,225
4073,神谕鲨,3,,5|15,水|翼,2,60,,,300,400,300,225
4074,霜翼领主,2,,15,翼,2,40,,,300,400,300,225
4075,首领-罗隐,3,,8|18,地|恶,2,60,,,300,400,300,225
4076,伊里斯,1,,6|15,光|翼,2,20,10000,1,600,400,,450
4077,噜噜,1,,2,普通,2,20,10000,1,200,700,100,150
4078,风暴战犬,2,,4,火,2,40,,,300,400,300,225
4079,钻石蜗,2,,6|8,光|地,2,40,10000,1,600,400,,450
4080,首领-瞌睡王,3,,2|14,普通|武,2,60,10000,1,600,400,,450
4081,首领-獠牙猪,2,,9|8,冰|地,2,40,10000,1,600,400,,450
4082,首领-魔眷鸟,3,,16|15,萌|翼,2,60,10000,1,600,400,,450
4083,黑猫密探,3,,2,普通,2,60,10000,1,600,400,,450
4084,祭礼巨像,3,,8|20,地|幻,2,60,10000,1,600,400,,450
4085,雪影冰灵,3,,9|16,冰|萌,2,60,10000,1,600,400,,450
4086,棋契陛下,3,,14|8,武|地,2,60,10000,1,600,400,,450
4087,奇梦咪,3,,16,萌,2,60,10000,1,600,400,,450
4088,波普鹿,3,,11,电,2,60,10000,1,600,400,,450
4089,圣剑骑士,2,,19,机械,2,40,10000,1,400,550,50,300
4090,伊兰龙,2,,10,龙,2,40,10000,1,600,400,,450
4091,裘卡老师,3,,12,毒,3,60,10000,1,300,400,300,225
4092,首领-厉毒修萝,2,,12|18,毒|恶,2,40,10000,1,600,400,,450
4093,公平鸽,1,,2,普通,2,20,10000,1,400,550,50,300
4094,琉璃君主,2,,5|12,水|毒,2,40,10000,1,600,400,,450
4095,饮雪狂兽,3,,9,冰,2,60,10000,1,,,1000,
4096,奇梦咪,3,248,16,萌,2,60,10000,1,600,400,,450
4097,奇梦咪,3,248,16,萌,2,60,10000,1,600,400,,450
4098,雪影冰灵,3,249,9|16,冰|萌,2,60,10000,1,600,400,,450
4099,雪影冰灵,3,249,9|16,冰|萌,2,60,10000,1,600,400,,450
4100,古齿帝牙,3,,9|16,冰|萌,2,60,10000,1,600,400,,450
4101,暮风隐者,3,,9|16,冰|萌,2,60,10000,1,600,400,,450
4102,淤泥乌泽,3,,9|16,冰|萌,2,60,10000,1,600,400,,450
4103,卷发巨獭,3,,9|16,冰|萌,2,60,10000,1,600,400,,450
5001,钻石蜗,3,,6|8,光|地,2,60,,,300,400,300,225
5002,彩虹独角兽,3,,6,光,2,60,,,300,400,300,225
5003,叶冕魔力猫,3,,3,草,2,60,,,300,400,300,225
5004,蹦蹦果,1,,3|12,草|毒,2,20,,,300,400,300,225
5005,奇丽果,3,,3,草,3,60,,,300,400,300,225
5006,鸭吉吉国王,3,,2,普通,3,60,,,300,400,300,225
5007,黑猫密探,3,,2,普通,3,60,,,300,400,300,225
5008,迷嶂布莱克,3,,8,地,3,60,,,300,400,300,225
5009,祭礼巨像,3,,8|20,地|幻,2,60,,,300,400,300,225
5010,圣水守护,3,,5,水,2,60,,,300,400,300,225
5011,神谕鲨,1,,5|15,水|翼,2,20,10000,1,300,400,300,225
5012,千棘海针,1,,5|12,水|毒,2,20,,,300,400,300,225
5013,雪影冰灵,1,,9|16,冰|萌,2,20,,,300,400,300,225
5014,霜翼领主,1,,15,翼,2,20,,,300,400,300,225
5015,女王蜂,1,,13|15,虫|翼,2,20,,,300,400,300,225
5016,恶魔狼王,1,,18,恶,2,20,,,300,400,300,225
5017,烈火战神,1,,4,火,2,20,,,300,400,300,225
5018,风暴战犬,1,,4,火,2,20,,,300,400,300,225
5019,幻影荆棘,1,,17|3,幽|草,2,20,,,300,400,300,225
5020,波普鹿,1,,11,电,2,20,,,300,400,300,225
5021,圣剑骑士,1,,19,机械,2,20,,,300,400,300,225
5022,伊兰龙,1,,10,龙,2,20,,,300,400,300,225
5023,棋契陛下,1,,14|8,武|地,2,20,,,300,400,300,225
5024,奇梦咪,1,,16,萌,2,20,,,300,400,300,225
5025,圣光迪莫,1,,6,光,2,20,,,300,400,300,225
5026,圣草迪莫,1,,6|3,光|草,2,20,,,300,400,300,225
5027,圣火迪莫,1,,4,火,2,20,,,300,400,300,225
5028,圣水迪莫,1,,5,水,2,20,,,300,400,300,225
5029,千棘海针,1,,5|12,水|毒,2,20,,,300,400,300,225
5030,霜翼领主,1,,15,翼,2,20,,,300,400,300,225
5031,霜翼领主,1,,15,翼,2,20,,,300,400,300,225
5032,霜翼领主,1,,15,翼,2,20,,,300,400,300,225
5033,蹦蹦果,1,,3|12,草|毒,2,20,,,300,400,300,225
5034,蹦蹦果,1,,3|12,草|毒,2,20,,,300,400,300,225
5035,蹦蹦果,1,,3|12,草|毒,2,20,,,300,400,300,225
5036,鸭吉吉国王,3,,2,普通,3,60,,,300,400,300,225
5037,鸭吉吉国王,3,,2,普通,3,60,,,300,400,300,225
5038,鸭吉吉国王,3,,2,普通,3,60,,,300,400,300,225
5039,鸭吉吉国王,3,,2,普通,3,60,,,300,400,300,225
5040,棋契陛下,1,,14|8,武|地,2,20,,,300,400,300,225
5041,棋契陛下,1,,14|8,武|地,2,20,,,300,400,300,225
5042,棋契陛下,1,,14|8,武|地,2,20,,,300,400,300,225
5043,棋契陛下,1,,14|8,武|地,2,20,,,300,400,300,225
5044,棋契陛下,1,,14|8,武|地,2,20,,,300,400,300,225
5045,棋契陛下,1,,14|8,武|地,2,20,,,300,400,300,225
5046,棋契陛下,1,,14|8,武|地,2,20,,,300,400,300,225
5047,钻石蜗,3,,6|8,光|地,2,60,,,300,400,300,225
5048,钻石蜗,3,,6|8,光|地,2,60,,,300,400,300,225
5049,钻石蜗,3,,6|8,光|地,2,60,,,300,400,300,225
5050,钻石蜗,3,,6|8,光|地,2,60,,,300,400,300,225
5051,钻石蜗,3,,6|8,光|地,2,60,,,300,400,300,225
5052,鸭吉吉国王,3,,2,普通,3,60,,,300,400,300,225
6001,小咪,2,,4,火,2,40,,,300,400,300,225
6002,卡图斯（初级）,3,,3|12,草|毒,3,60,,,300,400,300,225
6003,卡图斯（中级）,3,,3|12,草|毒,3,60,,,300,400,300,225
6004,卡图斯（高级）,3,,3|12,草|毒,3,60,,,300,400,300,225
6005,戴蒙德（初级）,2,,6|8,光|地,2,40,10000,1,600,400,,450
6006,戴蒙德（中级）,2,,6|8,光|地,2,40,10000,1,600,400,,450
6007,戴蒙德（高级）,2,,6|8,光|地,2,40,10000,1,600,400,,450
6008,阿克娅（初级）,3,,5|12,水|毒,2,60,10000,1,600,400,,450
6009,阿克娅（中级）,3,,5|12,水|毒,2,60,10000,1,600,400,,450
6010,阿克娅（高级）,3,,5|12,水|毒,2,60,10000,1,600,400,,450
6011,朵蕾丝（初级）,2,,3,草,2,40,10000,1,600,400,,450
6012,朵蕾丝（中级）,2,,3,草,2,40,10000,1,600,400,,450
6013,朵蕾丝（高级）,2,,3,草,2,40,10000,1,600,400,,450
6014,希尔（初级）,3,,15,翼,2,60,10000,1,600,400,,450
6015,希尔（中级）,3,,15,翼,2,60,10000,1,600,400,,450
6016,希尔（高级）,3,,15,翼,2,60,10000,1,600,400,,450
6017,希巴尔巴（初级）,3,,19,机械,2,60,10000,1,600,400,,450
6018,希巴尔巴（中级）,3,,19,机械,2,60,10000,1,600,400,,450
6019,希巴尔巴（高级）,3,,19,机械,2,60,10000,1,600,400,,450
6020,艾诺菈（初级）,3,,13,虫,2,60,10000,1,600,400,,450
6021,艾诺菈（中级）,3,,13,虫,2,60,10000,1,600,400,,450
6022,艾诺菈（高级）,3,,13,虫,2,60,10000,1,600,400,,450
6023,斯皮德（初级）,2,,4,火,2,40,,,300,400,300,225
6024,斯皮德（中级）,2,,4,火,2,40,,,300,400,300,225
6025,斯皮德（高级）,2,,4,火,2,40,,,300,400,300,225
6026,玛努斯（初级）,3,,8,地,2,60,,,300,400,300,225
6027,玛努斯（中级）,3,,8,地,2,60,,,300,400,300,225
6028,玛努斯（高级）,3,,8,地,2,60,,,300,400,300,225
7001,恶魔狼王,1,,18,恶,2,20,,,300,400,300,225
7002,恶魔狼王,1,,18,恶,2,20,,,300,400,300,225
7003,恶魔狼王,1,,18,恶,2,20,,,300,400,300,225
7004,恶魔狼王,1,,18,恶,2,20,,,300,400,300,225
7005,圣剑骑士,2,,19,机械,2,40,10000,1,400,550,50,300
7006,圣剑骑士,2,,19,机械,2,40,10000,1,400,550,50,300
7007,圣剑骑士,2,,19,机械,2,40,10000,1,400,550,50,300
7008,圣剑骑士,2,,19,机械,2,40,10000,1,400,550,50,300
8001,魔力喵,3,,3,草,2,60,10000,1,300,400,300,225
8002,道馆绿草精灵,1,,3|20,草|幻,2,20,10000,1,300,400,300,225
8003,道馆魔草巫灵,2,,3|20,草|幻,2,40,10000,1,300,400,300,225
8004,道馆丢丢,,,3,草,2,20,10000,1,300,400,300,225
8005,道馆记忆石,1,,8,地,2,20,10000,1,300,400,300,225
8006,道馆幽影树,1,,17|3,幽|草,2,20,10000,1,300,400,300,225
8007,迪莫,1,3,6,光,3,20,10000,1,1000,,,750
8008,珂赛特老师,2,149,12|18,毒|恶,2,40,10000,1,600,400,,450
8009,药炉,2,130,12,毒,2,40,10000,1,600,400,,450
8010,希露德老师,1,183,2,普通,2,20,10000,1,400,550,50,300
8011,翼龙,2,80,10|15,龙|翼,2,40,10000,1,600,400,,450
8012,记忆石,1,23,8,地,2,20,10000,1,600,400,,450
8013,冥古龙,2,246,17|10,幽|龙,3,,10000,1,,,10000,
8014,矮核球,1,247,20,幻,3,,10000,1,,,10000,
8015,星脉兽,2,247,20,幻,3,,10000,1,,,10000,
8016,巡天幻星,3,247,20,幻,3,,10000,1,,,10000,
8017,冥古龙,2,246,17|10,幽|龙,3,,10000,1,,,10000,
8018,裘卡老师,3,60,12,毒,2,60,10000,1,2500,2500,3000,2000
8019,珂赛特老师,2,149,12|18,毒|恶,2,60,10000,1,2500,2500,3000,2000
8020,希露德老师,1,183,2,普通,2,56,10000,1,1500,2000,5000,1500
8021,迷失的雪巨人,3,65,9,冰,2,40,10000,1,2500,2500,3000,2000
8022,斯维托维德,3,,9,冰,2,,10000,1,,,10000,
8023,特塞克,2,95,3,草,2,,10000,1,,,10000,
8024,古路尼,3,,12|8,毒|地,2,,10000,1,,,10000,
9801,鸭吉吉_普通,1,,2,普通,3,20,10000,1,300,400,300,225
9802,鸭吉吉_草,1,,2,普通,3,20,10000,1,300,400,300,225
9803,鸭吉吉_火,1,,2,普通,3,20,10000,1,300,400,300,225
9804,鸭吉吉_水,1,,2,普通,3,20,10000,1,300,400,300,225
9805,鸭吉吉_光,1,,2,普通,3,20,10000,1,300,400,300,225
9806,鸭吉吉_地,1,,2,普通,3,20,10000,1,300,400,300,225
9807,鸭吉吉_冰,1,,2,普通,3,20,10000,1,300,400,300,225
9808,鸭吉吉_龙,1,,2,普通,3,20,10000,1,300,400,300,225
9809,鸭吉吉_电,1,,2,普通,3,20,10000,1,300,400,300,225
9810,鸭吉吉_毒,1,,2,普通,3,20,10000,1,300,400,300,225
9811,鸭吉吉_虫,1,,2,普通,3,20,10000,1,300,400,300,225
9812,鸭吉吉_武,1,,2,普通,3,20,10000,1,300,400,300,225
9813,鸭吉吉_翼,1,,2,普通,3,20,10000,1,300,400,300,225
9814,鸭吉吉_萌,1,,2,普通,3,20,10000,1,300,400,300,225
9815,鸭吉吉_幽,1,,2,普通,3,20,10000,1,300,400,300,225
9816,鸭吉吉_恶魔,1,,2,普通,3,20,10000,1,300,400,300,225
9817,鸭吉吉_机械,1,,2,普通,3,20,10000,1,300,400,300,225
9818,鸭吉吉_幻,1,,2,普通,3,20,10000,1,300,400,300,225
9819,木桶,1,,,,2,40,10000,1,600,400,,450
9901,测试喵喵1,1,,3,草,2,20,10000,1,300,400,300,225
9902,测试水蓝蓝1,1,,5,水,2,20,10000,1,300,400,300,225
9903,测试火花1,1,,4,火,2,20,10000,1,300,400,300,225
9904,测试喵喵2,1,,3,草,2,20,10000,1,300,400,300,225
9905,测试水蓝蓝2,1,,5,水,2,20,10000,1,300,400,300,225
9906,测试火花2（百分百闪避）,1,,4,火,2,20,10000,1,300,400,300,225
9907,无敌魔力猫,3,,2,普通,3,60,10000,1,300,400,300,225
9908,无敌焰火,3,,2,普通,3,60,10000,1,300,400,300,225
9909,无敌水蓝蓝,3,,2,普通,3,60,10000,1,300,400,300,225
9910,被克制测试喵喵,1,,3|9,草|冰,2,20,10000,1,300,400,300,225
9911,抵抗测试喵喵,1,,9|10,冰|龙,2,20,10000,1,300,400,300,225
9912,大世界BUFF喵喵,1,,3,草,2,20,10000,1,300,400,300,225
9913,大世界BUFF水蓝蓝,1,,5,水,2,20,10000,1,300,400,300,225
9914,大世界BUFF火花,1,,4,火,2,20,10000,1,300,400,300,225
9919,幻化蓝掌测试,3,,2,普通,3,60,10000,1,300,400,300,225
9920,技能鸭吉吉配置版,3,,2,普通,3,60,10000,1,300,400,300,225
9940,测试AI鸭吉吉1,3,,2,普通,3,60,10000,1,300,400,300,225
9941,搭配的鸭吉吉,3,,2,普通,3,60,10000,1,300,400,300,225
9987,技能鸭吉吉5(布石）,3,,2,普通,3,60,10000,1,300,400,300,225
9988,技能魔力喵4,1,,3,草,2,20,10000,1,300,400,300,225
9989,技能魔力喵3,1,,3,草,2,20,10000,1,300,400,300,225
9990,技能魔力喵2,1,,3,草,2,20,10000,1,300,400,300,225
9991,技能魔力喵1,1,,3,草,2,20,10000,1,300,400,300,225
9992,不死鸭吉吉,1,,2,普通,3,20,10000,1,300,400,300,225
9993,技能音速犬4,3,,2,普通,3,60,10000,1,300,400,300,225
9994,技能鸭吉吉3,3,,2,普通,3,60,10000,1,300,400,300,225
9995,技能鸭吉吉2,1,,2,普通,3,20,10000,1,300,400,300,225
9996,木桩鸭吉吉,1,,5|3,水|草,3,20,10000,1,300,400,300,225
9997,技能鸭吉吉1（贪吃）,3,,2,普通,3,60,10000,1,300,400,300,225
9998,击退鸭吉吉,3,,2,普通,3,60,10000,1,300,400,300,225
9999,无敌鸭吉吉(测试用),3,,2,普通,3,60,10000,1,300,400,300,225
10000,随机精灵,3,,0,0,3,60,10000,1,300,400,300,225
10001,随机精灵,3,,1,无,3,60,10000,1,300,400,300,225
10002,随机精灵,3,,2,普通,3,60,10000,1,300,400,300,225
10003,随机精灵,3,,3,草,3,60,10000,1,300,400,300,225
10004,随机精灵,3,,4,火,3,60,10000,1,300,400,300,225
10005,随机精灵,3,,5,水,3,60,10000,1,300,400,300,225
10006,随机精灵,3,,6,光,3,60,10000,1,300,400,300,225
10007,随机精灵,3,,7,岩（废弃！）,3,60,10000,1,300,400,300,225
10008,随机精灵,3,,8,地,3,60,10000,1,300,400,300,225
10009,随机精灵,3,,9,冰,3,60,10000,1,300,400,300,225
10010,随机精灵,3,,10,龙,3,60,10000,1,300,400,300,225
10011,随机精灵,3,,11,电,3,60,10000,1,300,400,300,225
10012,随机精灵,3,,12,毒,3,60,10000,1,300,400,300,225
10013,随机精灵,3,,13,虫,3,60,10000,1,300,400,300,225
10014,随机精灵,3,,14,武,3,60,10000,1,300,400,300,225
10015,随机精灵,3,,15,翼,3,60,10000,1,300,400,300,225
10016,随机精灵,3,,16,萌,3,60,10000,1,300,400,300,225
10017,随机精灵,3,,17,幽,3,60,10000,1,300,400,300,225
10018,随机精灵,3,,18,恶,3,60,10000,1,300,400,300,225
10019,随机精灵,3,,19,机械,3,60,10000,1,300,400,300,225
10020,随机精灵,3,,20,幻,3,60,10000,1,300,400,300,225
10021,随机精灵,3,,21,空,3,60,10000,1,300,400,300,225
10022,随机精灵,3,,22,22,3,60,10000,1,300,400,300,225
103004,迪莫,1,,6,光,3,20,10000,1,300,400,300,225
103005,圣光迪莫,2,,6,光,3,40,10000,1,300,400,300,225
103011,恶魔狼,1,,18,恶,2,20,10000,1,300,400,300,225
103012,恶魔狼,1,,18,恶,2,20,10000,1,300,400,300,225
103061,小灵面,1,,17,幽,2,20,10000,1,300,400,300,225
103142,小夜,1,,18,恶,2,20,10000,1,300,400,300,225
103143,紫夜,2,,18,恶,2,40,10000,1,300,400,300,225
103149,空空颅,1,,17,幽,2,20,10000,1,300,400,300,225
103154,裘洛,1,,12,毒,2,20,10000,1,300,400,300,225
140001,20级水桶模板,1,,3,草,2,20,10000,1,200,700,100,150
140002,25级水桶模板,1,,3,草,2,20,10000,1,200,700,100,150
140003,35级水桶模板,1,,3,草,2,20,10000,1,200,700,100,150
140004,40级水桶模板,1,,3,草,2,20,10000,1,200,700,100,150
140005,45级水桶模板,1,,3,草,2,20,10000,1,200,700,100,150
140006,50级水桶模板,1,,3,草,2,20,10000,1,200,700,100,150
140007,55级水桶模板,1,,3,草,2,20,10000,1,200,700,100,150
140008,60级水桶模板,1,,3,草,2,20,10000,1,200,700,100,150
440302,库伦boss战——恶魔叮,1,,18|15,恶|翼,2,20,10000,1,200,700,100,150
440303,库伦booss战——雪蛮人,2,,9,冰,2,40,10000,1,400,550,50,300
440304,库伦boss战——库多西,2,,19|8,机械|地,2,40,10000,1,400,550,50,300
440305,A1最终战-吞噬,3,,18|13,恶|虫,2,60,10000,1,300,400,300,225
440306,A1最终战-吞噬2,3,,18|13,恶|虫,2,60,10000,1,300,400,300,225
440307,麦克达克,1,,2,普通,2,20,,,300,400,300,225
440308,伊里斯,3,,6,光,2,60,,,300,400,300,225
440309,法瑞莎莎,3,,5|15,水|翼,2,60,,,300,400,300,225
440310,蛰蛰,3,,13|15,虫|翼,3,60,,,300,400,300,225
440311,锅盔,3,,5|12,水|毒,3,60,,,300,400,300,225
440312,芙拉沃,3,,3,草,3,60,,,300,400,300,225
440313,狂风,1,,15,翼,2,20,,,300,400,300,225
440314,微风,2,,15|2,翼|普通,2,40,10000,1,600,400,,450
440315,龙卷风,3,,15,翼,2,60,10000,1,600,400,,450
440316,小石头,1,,8,地,2,20,10000,1,300,400,300,225
440317,葛朗台,1,,2,普通,2,40,10000,1,400,550,50,300
440318,老大,3,77,8,地,2,60,10000,1,600,400,,450
13000150,技能鸭吉吉5（水灵）,1,,2,普通,2,20,10000,1,300,400,300,225
13000151,首领-魔力猫,3,,3,草,2,60,,,300,400,300,225
13000152,首领-恶魔狼,1,,18,恶,2,20,,,300,400,300,225
13000153,首领-奇丽花,3,,3,草,3,60,,,300,400,300,225
13000154,首领-布克棱岩,3,,8,地,2,60,,,300,400,300,225
13000155,首领-岚鸟,2,,15,翼,2,40,,,300,400,300,225
13000156,首领-千棘盔,3,,5|12,水|毒,3,60,,,300,400,300,225
13000157,首领-花魁蜂后,3,,13,虫,3,60,,,300,400,300,225
13000158,首领-伊里斯,3,,6|15,光|翼,2,60,,,300,400,300,225
13000159,首领-恶魔狼,1,,18,恶,2,20,,,300,400,300,225
13000160,首领-音速犬,2,,4,火,2,40,,,300,400,300,225
13000161,首领-蹦蹦花,3,,12|3,毒|草,3,60,,,300,400,300,225
13000162,首领-晶石蜗,2,,6|8,光|地,2,40,10000,1,600,400,,450
13000163,首领-瞌睡王,3,,2|14,普通|武,2,60,10000,1,600,400,,450
13000164,首领-獠牙猪,2,,9|8,冰|地,2,40,10000,1,600,400,,450
13000165,首领-魔眷鸟,3,,16|15,萌|翼,2,60,10000,1,600,400,,450
13000166,首领-仪式巨像,3,,20|8,幻|地,2,60,10000,1,600,400,,450
13000167,法瑞莎莎,3,,5|15,水|翼,2,60,,,300,400,300,225
13000168,麦克达克,1,,2,普通,2,20,,,300,400,300,225
14000001,果冻-剧情变形用,1,48|221|222,5,水,2,20,10000,1,300,600,100,225
14000002,自动变形测试-斑斑,1,189,15,翼,2,16,10000,1,1000,1500,7000,500
15000001,斑斑 - （玩法用）,1,189,15,翼,2,20,10000,1,300,600,100,225
16000001,春团-B1小游戏变形用,1,61,3,草,2,20,10000,1,300,600,100,225
16000002,厉毒修萝-B1小游戏变形用,2,149,12|18,毒|恶,2,40,10000,1,1000,,,750
16000003,地鼠-A2拾遗变形任务用,1,13,8,地,2,16,10000,1,1000,1000,7000,1000
17000001,小帕尔-变形测试用,1,68,3,草,2,80,10000,1,,,,10000
17000002,帕尔萨斯-变形测试用,2,68,12|18,毒|恶,2,80,10000,1,,,,10000
17000003,龙息帕尔-变形测试用,3,68,3,草,2,80,10000,1,,,,10000
17000004,石肤蜥-极化钝化测试用,1,220,8,地,2,16,10000,1,1000,1000,7000,1000
18000001,化蝶,3,215,13|16,虫|萌,2,60,10000,1,2500,2500,3000,2000
18000002,寒音蛇,2,85,16|12,萌|毒,2,60,10000,1,2500,2500,3000,2000
18000003,武者鸡,3,201,4|14,火|武,2,40,10000,1,2500,2500,3000,2000
18000004,嘟嘟煲,1,130,12,毒,2,32,10000,1,1000,1000,7000,1000
